step,train_loss,val_loss,val_ppl,time_ms,mfu
0,9.35,9.45,12648.23,55103.6,-100.0
1,9.49,,,1586.8,-100.0
2,13.11,,,1842.1,-100.0
3,11.31,,,1718.4,-100.0
4,8.94,,,1812.2,-100.0
5,8.8,,,1662.5,10.1
6,8.4,,,1851.4,10.0
7,8.29,,,1766.5,10.0
8,8.22,,,1981.1,9.8
9,8.17,,,1919.2,9.7
10,7.62,,,1616.9,9.8
11,7.63,,,1772.2,9.8
12,7.6,,,5929.9,9.1
13,7.52,,,1790.8,9.1
14,7.65,,,1639.0,9.2
15,7.47,,,1724.0,9.3
16,7.42,,,1804.5,9.3
17,7.36,,,1667.7,9.4
18,7.3,,,1758.6,9.4
19,7.5,,,1809.4,9.4
20,7.45,,,1950.8,9.3
21,7.53,,,1941.4,9.2
22,7.35,,,1874.8,9.2
23,7.25,,,1715.8,9.3
24,7.42,,,2056.3,9.2
25,7.23,,,2793.7,8.8
26,7.29,,,1621.8,9.0
27,7.29,,,2859.6,8.7
28,7.24,,,1739.5,8.8
29,7.14,,,1619.6,8.9
30,7.18,,,1821.0,9.0
31,7.3,,,1555.4,9.2
32,7.16,,,1671.4,9.3
33,7.02,,,1707.0,9.3
34,7.1,,,1638.2,9.4
35,6.95,,,1730.7,9.4
36,7.16,,,33711.1,8.5
37,7.14,,,1752.1,8.7
38,7.0,,,1716.4,8.8
39,6.94,,,2042.0,8.7
40,6.9,,,1853.2,8.8
41,6.86,,,1750.3,8.8
42,7.07,,,1697.5,8.9
43,6.78,,,2810.4,8.7
44,7.03,,,1837.1,8.7
45,7.11,,,1856.3,8.7
46,6.68,,,1787.2,8.8
47,6.72,,,1977.1,8.8
48,6.91,,,1687.1,8.9
49,6.89,,,1671.0,9.0
50,7.15,,,1696.2,9.1
51,6.94,,,1884.9,9.1
52,6.88,,,1757.6,9.1
53,7.01,,,1751.3,9.2
54,6.85,,,1623.6,9.3
55,6.87,,,1778.2,9.3
56,6.62,,,1678.0,9.4
57,6.81,,,1824.3,9.4
58,6.81,,,1600.2,9.5
59,6.82,,,1963.6,9.4
60,6.79,,,1748.5,9.4
61,6.9,,,1752.3,9.4
62,6.89,,,1724.3,9.5
63,6.77,,,1801.7,9.5
64,6.72,,,1670.3,9.5
65,6.79,,,1749.3,9.5
66,6.72,,,1708.5,9.6
67,6.79,,,1707.7,9.6
68,6.71,,,1697.2,9.6
69,6.5,,,1613.1,9.7
70,6.53,,,1670.9,9.7
71,6.54,,,1975.4,9.6
72,6.47,,,1814.8,9.6
73,6.6,,,2004.3,9.5
74,6.44,,,1583.7,9.6
75,6.49,,,1818.8,9.6
76,6.41,,,1682.7,9.6
77,6.78,,,1661.4,9.6
78,6.6,,,1753.6,9.6
79,6.51,,,1823.0,9.6
80,6.63,,,1656.2,9.7
81,6.57,,,1573.2,9.8
82,6.57,,,1923.7,9.7
83,6.54,,,1875.6,9.6
84,6.67,,,1805.3,9.6
85,6.49,,,1734.6,9.6
86,6.57,,,1899.4,9.5
87,6.39,,,1788.8,9.5
88,6.3,,,1723.4,9.5
89,6.41,,,1784.5,9.5
90,6.55,,,1992.7,9.4
91,6.69,,,1929.6,9.3
92,6.31,,,1783.0,9.4
93,6.61,,,1861.9,9.3
94,6.54,,,1577.4,9.5
95,6.26,,,1971.9,9.4
96,6.48,,,1972.3,9.3
97,6.48,,,1889.7,9.2
98,6.48,,,1826.4,9.2
99,6.53,,,1805.5,9.2
100,6.28,,,1681.1,9.3
101,6.72,,,1887.1,9.3
102,6.33,,,2027.8,9.2
103,6.35,,,1734.1,9.2
104,6.53,,,1666.8,9.3
105,6.32,,,1699.6,9.4
106,6.11,,,1625.4,9.5
107,6.1,,,1811.8,9.5
108,6.37,,,2066.1,9.3
109,6.25,,,1683.5,9.4
110,6.34,,,1615.5,9.5
111,6.12,,,1722.1,9.5
112,6.42,,,1534.9,9.7
113,6.31,,,1725.9,9.7
114,6.18,,,1846.7,9.6
115,6.09,,,1831.4,9.6
116,6.22,,,1685.3,9.6
117,6.51,,,1702.7,9.6
118,6.54,,,1839.7,9.6
119,6.33,,,1761.6,9.6
120,6.16,,,1839.8,9.5
121,6.31,,,1981.7,9.4
122,6.31,,,1715.9,9.5
123,6.32,,,2666.9,9.2
124,6.2,,,1755.4,9.2
125,6.16,,,1833.1,9.2
126,6.31,,,1787.9,9.2
127,6.3,,,1792.3,9.2
128,6.1,,,1689.4,9.3
129,6.12,,,2770.1,9.0
130,6.23,,,1867.0,9.0
131,6.22,,,1961.1,9.0
132,6.33,,,2016.7,8.9
133,6.29,,,1595.1,9.1
134,6.33,,,1864.8,9.1
135,6.07,,,1719.2,9.1
136,6.08,,,1724.1,9.2
137,6.14,,,1717.3,9.3
138,6.07,,,1660.3,9.3
139,6.09,,,1698.3,9.4
140,6.42,,,1649.2,9.5
141,6.31,,,1784.8,9.5
142,6.17,,,2164.0,9.3
143,6.09,,,1970.7,9.2
144,6.3,,,1870.5,9.2
145,6.12,,,1569.4,9.4
146,6.19,,,1833.3,9.3
147,6.34,,,1651.9,9.4
148,6.07,,,1578.1,9.5
149,6.23,,,1764.7,9.5
150,6.16,,,2651.3,9.2
151,6.15,,,1625.1,9.3
152,6.21,,,1853.9,9.3
153,6.25,,,1605.5,9.4
154,6.29,,,1869.6,9.4
155,6.06,,,1838.8,9.4
156,6.14,,,1766.9,9.4
157,6.12,,,1738.4,9.4
158,6.13,,,1694.5,9.5
159,6.02,,,1749.3,9.5
160,6.13,,,1776.7,9.5
161,5.97,,,1806.0,9.5
162,5.98,,,1685.2,9.5
163,6.07,,,1671.2,9.6
164,6.16,,,1853.7,9.5
165,6.41,,,2782.0,9.2
166,6.16,,,1665.4,9.3
167,6.12,,,1771.5,9.3
168,6.1,,,1878.8,9.3
169,5.98,,,2073.4,9.1
170,5.99,,,1797.4,9.2
171,5.97,,,1902.5,9.1
172,5.78,,,1975.2,9.1
173,5.91,,,1780.9,9.1
174,6.03,,,1732.0,9.2
175,5.96,,,1714.1,9.2
176,5.92,,,1687.8,9.3
177,6.07,,,1830.7,9.3
178,6.09,,,1729.6,9.3
179,5.94,,,1541.9,9.5
180,5.99,,,1613.0,9.6
181,5.95,,,1739.4,9.6
182,5.85,,,1769.7,9.6
183,5.97,,,1654.7,9.7
184,5.99,,,1784.3,9.6
185,5.92,,,1694.7,9.7
186,6.2,,,1588.0,9.8
187,5.86,,,1797.3,9.7
188,5.91,,,2025.9,9.6
189,6.04,,,2157.0,9.4
190,6.05,,,1865.3,9.4
191,6.16,,,1622.6,9.5
192,5.89,,,1713.1,9.5
193,6.08,,,1894.9,9.4
194,5.9,,,1680.7,9.5
195,6.01,,,1906.2,9.4
196,5.92,,,1817.4,9.4
197,5.87,,,1722.5,9.4
198,5.75,,,1688.6,9.5
199,6.3,,,1973.0,9.4
200,5.96,,,1768.7,9.4
201,6.02,,,1647.4,9.5
202,5.78,,,2778.9,9.2
203,5.99,,,2159.8,9.0
204,5.91,,,1784.8,9.1
205,5.82,,,2959.3,8.7
206,5.99,,,1543.0,8.9
207,5.95,,,1809.2,9.0
208,6.07,,,1727.6,9.1
209,5.84,,,1796.3,9.1
210,5.68,,,1855.1,9.1
211,5.88,,,1779.7,9.1
212,5.84,,,1675.8,9.2
213,5.91,,,1877.4,9.2
214,5.88,,,1922.9,9.1
215,5.88,,,1787.8,9.2
216,5.92,,,1903.5,9.1
217,5.83,,,1672.5,9.2
218,5.98,,,1704.0,9.3
219,6.01,,,1702.6,9.4
220,5.9,,,1821.1,9.3
221,6.03,,,1696.9,9.4
222,5.87,,,1645.1,9.5
223,6.01,,,1627.1,9.6
224,6.0,,,1686.1,9.6
225,5.73,,,1792.9,9.6
226,5.76,,,1765.4,9.6
227,5.87,,,1656.1,9.6
228,6.07,,,1617.6,9.7
229,5.79,,,2001.1,9.6
230,5.87,,,1701.4,9.6
231,5.73,,,1767.2,9.6
232,5.75,,,1707.6,9.6
233,5.93,,,1724.3,9.6
234,5.62,,,1796.7,9.6
235,5.81,,,1666.2,9.7
236,5.79,,,1867.7,9.6
237,5.78,,,1787.4,9.6
238,5.72,,,1805.5,9.6
239,5.89,,,1826.5,9.5
240,5.99,,,1869.0,9.5
241,5.89,,,1841.0,9.4
242,5.82,,,1633.4,9.5
243,5.94,,,1958.4,9.4
244,5.71,,,1730.4,9.5
245,5.68,,,1704.8,9.5
246,5.92,,,2946.2,9.1
247,5.7,,,1683.6,9.2
248,5.65,,,1965.6,9.1
249,5.65,,,1591.0,9.3
250,5.86,,,1883.4,9.3
251,5.52,,,1903.1,9.2
252,5.76,,,1832.4,9.2
253,5.68,,,1761.9,9.2
254,5.59,,,1533.9,9.4
255,5.77,,,1982.6,9.3
256,5.85,,,1990.8,9.2
257,5.62,,,2699.3,8.9
258,5.76,,,1585.2,9.1
259,5.83,,,1770.4,9.1
260,5.94,,,1817.5,9.2
261,5.8,,,1660.1,9.3
262,5.81,,,1723.3,9.3
263,5.65,,,1755.1,9.3
264,5.77,,,1557.6,9.5
265,5.68,,,1559.8,9.6
266,5.94,,,1735.2,9.6
267,5.76,,,1747.1,9.6
268,5.61,,,1790.1,9.6
269,5.87,,,1810.1,9.6
270,5.51,,,1783.3,9.6
271,5.81,,,1788.8,9.5
272,5.73,,,1813.5,9.5
273,5.69,,,1788.9,9.5
274,5.69,,,1809.8,9.5
275,5.76,,,1773.3,9.5
276,5.68,,,1682.2,9.5
277,5.61,,,2031.8,9.4
278,5.65,,,1881.4,9.4
279,5.56,,,1643.6,9.5
280,5.55,,,1858.0,9.4
281,5.56,,,1544.1,9.6
282,5.66,,,1782.3,9.6
283,5.67,,,1935.4,9.5
284,5.71,,,1831.5,9.4
285,5.8,,,1753.8,9.5
286,5.73,,,1644.3,9.5
287,5.53,,,1795.2,9.5
288,5.66,,,1839.4,9.5
289,5.81,,,1749.5,9.5
290,5.63,,,1595.3,9.6
291,5.73,,,2707.8,9.3
292,5.56,,,1618.4,9.4
293,5.77,,,1574.8,9.5
294,5.59,,,1538.1,9.7
295,5.47,,,1704.7,9.7
296,5.47,,,1669.0,9.7
297,5.75,,,1809.5,9.7
298,5.4,,,1632.4,9.7
299,5.75,,,1790.7,9.7
300,5.79,,,1797.0,9.7
301,5.46,,,1627.3,9.7
302,5.56,,,1774.5,9.7
303,5.73,,,1764.4,9.7
304,5.68,,,2019.5,9.6
305,5.32,,,1852.7,9.5
306,5.57,,,1745.5,9.5
307,5.56,,,1751.2,9.5
308,5.83,,,1626.8,9.6
309,5.76,,,1777.6,9.6
310,5.7,,,1678.5,9.6
311,5.51,,,1657.2,9.7
312,5.66,,,1683.8,9.7
313,5.71,,,1632.8,9.8
314,5.38,,,1572.9,9.9
315,5.71,,,1634.1,9.9
316,5.48,,,1705.9,9.9
317,5.5,,,1770.9,9.9
318,5.43,,,1561.5,10.0
319,5.56,,,1917.1,9.8
320,5.61,,,1665.9,9.9
321,5.8,,,1855.1,9.8
322,5.59,,,2055.5,9.6
323,5.55,,,1893.8,9.6
324,5.5,,,1811.6,9.5
325,5.53,,,1777.0,9.5
326,5.42,,,1763.1,9.5
327,5.43,,,1700.7,9.6
328,5.62,,,1646.5,9.6
329,5.36,,,1647.8,9.7
330,5.5,,,1710.2,9.7
331,5.72,,,1771.3,9.7
332,5.33,,,1868.9,9.6
333,5.49,,,1672.3,9.7
334,5.36,,,1923.5,9.6
335,5.58,,,1792.4,9.6
336,5.37,,,1966.2,9.5
337,5.38,,,1667.7,9.5
338,5.55,,,1634.4,9.6
339,5.33,,,1659.9,9.6
340,5.39,,,1790.9,9.6
341,5.61,,,1735.5,9.6
342,5.48,,,1780.1,9.6
343,5.25,,,1772.6,9.6
344,5.47,,,1764.5,9.6
345,5.44,,,1629.1,9.7
346,5.46,,,1827.5,9.6
347,5.31,,,1774.0,9.6
348,5.33,,,1633.5,9.7
349,5.33,,,1669.5,9.7
350,5.5,,,1639.7,9.8
351,5.35,,,1834.8,9.7
352,5.35,,,1881.1,9.6
353,5.45,,,1650.1,9.7
354,5.56,,,1735.4,9.7
355,5.68,,,1843.0,9.6
356,5.45,,,1688.7,9.7
357,5.78,,,1601.4,9.8
358,5.45,,,1657.0,9.8
359,5.3,,,1678.3,9.8
360,5.52,,,1685.8,9.8
361,5.38,,,1601.8,9.9
362,5.3,,,2041.7,9.7
363,5.6,,,1797.6,9.7
364,5.42,,,1661.2,9.7
365,5.32,,,1617.7,9.8
366,5.39,,,1794.3,9.8
367,5.5,,,1804.5,9.7
368,5.57,,,1872.4,9.6
369,5.45,,,1648.6,9.7
370,5.42,,,1610.3,9.8
371,5.44,,,1788.8,9.7
372,5.32,,,1628.9,9.8
373,5.21,,,1697.4,9.8
374,5.2,,,1782.1,9.8
375,5.47,,,1638.4,9.8
376,5.3,,,1722.4,9.8
377,5.47,,,1585.6,9.9
378,5.39,,,1678.0,9.9
379,5.24,,,1637.3,10.0
380,5.35,,,1796.8,9.9
381,5.34,,,1504.2,10.0
382,5.2,,,1667.2,10.0
383,5.38,,,1765.3,10.0
384,5.26,,,1783.7,9.9
385,5.51,,,1796.4,9.9
386,5.33,,,1882.8,9.8
387,5.34,,,1673.8,9.8
388,5.41,,,1657.7,9.8
389,5.52,,,1962.6,9.7
390,5.36,,,1772.2,9.7
391,5.3,,,1724.1,9.7
392,5.18,,,1970.0,9.6
393,5.37,,,1786.8,9.6
394,5.35,,,1929.6,9.5
395,5.35,,,1778.5,9.5
396,5.22,,,1790.8,9.5
397,5.07,,,1714.5,9.5
398,5.26,,,1734.4,9.5
399,5.11,,,1761.0,9.5
400,5.25,,,1635.7,9.6
401,5.18,,,1865.3,9.5
402,5.34,,,1710.8,9.6
403,5.56,,,1810.7,9.5
404,5.6,,,1626.2,9.6
405,5.39,,,1931.0,9.5
406,5.39,,,1638.9,9.6
407,5.39,,,1585.3,9.7
408,5.18,,,2015.5,9.6
409,5.39,,,1810.6,9.5
410,5.2,,,1727.9,9.6
411,5.06,,,1608.6,9.7
412,5.21,,,1801.5,9.6
413,5.1,,,1653.8,9.7
414,5.36,,,1735.0,9.7
415,5.26,,,1677.3,9.7
416,5.46,,,1683.7,9.7
417,5.31,,,1888.9,9.7
418,5.12,,,1783.8,9.6
419,5.05,,,1669.6,9.7
420,5.55,,,1700.6,9.7
421,5.35,,,1776.9,9.7
422,5.22,,,1877.1,9.6
423,5.01,,,1629.3,9.7
424,5.22,,,1687.0,9.7
425,5.22,,,2085.9,9.5
426,5.2,,,1837.3,9.5
427,5.16,,,1590.2,9.6
428,5.19,,,2714.5,9.3
429,5.13,,,1809.0,9.3
430,5.22,,,1472.3,9.5
431,5.17,,,1722.1,9.5
432,5.18,,,1650.4,9.6
433,5.32,,,2163.3,9.4
434,5.32,,,2626.9,9.1
435,5.52,,,1911.0,9.1
436,5.05,,,1598.0,9.2
437,5.34,,,1818.0,9.2
438,5.19,,,1731.0,9.3
439,4.98,,,1628.9,9.4
440,5.19,,,1765.4,9.4
441,5.18,,,1831.6,9.4
442,5.29,,,1970.2,9.3
443,5.11,,,1725.1,9.3
444,5.13,,,1835.9,9.3
445,5.36,,,1826.9,9.3
446,5.25,,,1737.6,9.3
447,5.19,,,1462.5,9.6
448,5.23,,,1577.9,9.7
449,5.14,,,1750.1,9.7
450,5.07,,,1739.9,9.7
451,4.9,,,1696.0,9.7
452,4.96,,,1887.1,9.6
453,5.2,,,2045.1,9.5
454,5.12,,,1640.6,9.6
455,5.24,,,2157.6,9.4
456,5.29,,,1771.6,9.4
457,4.93,,,1858.8,9.4
458,5.17,,,1967.4,9.3
459,5.17,,,1929.6,9.2
460,5.01,,,1714.0,9.3
461,5.17,,,1859.2,9.3
462,5.27,,,2165.4,9.1
463,5.0,,,1971.8,9.1
464,5.47,,,1718.8,9.1
465,5.03,,,1905.3,9.1
466,5.04,,,1794.7,9.1
467,5.21,,,1717.5,9.2
468,5.03,,,1860.3,9.2
469,5.0,,,1610.0,9.3
470,5.26,,,1898.5,9.3
471,5.05,,,1832.5,9.3
472,5.0,,,1863.3,9.2
473,5.05,,,1741.1,9.3
474,5.13,,,2116.1,9.1
475,5.1,,,1710.3,9.2
476,5.0,,,1840.8,9.2
477,4.98,,,1583.7,9.3
478,5.09,,,2005.4,9.3
479,5.3,,,1646.0,9.4
480,5.02,,,1860.1,9.3
481,4.92,,,1605.1,9.4
482,5.06,,,1752.8,9.5
483,4.98,,,1836.8,9.4
484,4.93,,,1794.3,9.4
485,4.97,,,1730.0,9.5
486,5.14,,,2000.0,9.3
487,5.01,,,1867.9,9.3
488,4.93,,,1734.6,9.4
489,4.96,,,1793.5,9.4
490,5.12,,,1816.5,9.3
491,5.09,,,1440.3,9.6
492,4.87,,,1547.9,9.7
493,5.0,,,1693.3,9.7
494,5.04,,,1951.0,9.6
495,5.0,,,1855.6,9.6
496,4.98,,,1782.7,9.6
497,4.9,,,1650.8,9.6
498,5.08,,,1884.0,9.6
499,5.02,,,2908.8,9.2
500,5.04,,,1840.0,9.2
501,5.07,,,1681.1,9.3
502,4.96,,,1814.3,9.3
503,5.0,,,1985.4,9.2
504,5.06,,,1897.0,9.1
505,4.94,,,1578.5,9.3
506,4.92,,,1676.8,9.4
507,5.04,,,1538.1,9.5
508,4.89,,,1626.5,9.6
509,5.08,,,1970.2,9.5
510,5.09,,,1830.6,9.5
511,5.08,,,1822.6,9.5
512,5.08,,,1623.4,9.5
513,4.88,,,1863.6,9.5
514,4.9,,,2129.0,9.3
515,4.94,,,1890.1,9.3
516,4.87,,,1758.9,9.3
517,4.97,,,1695.0,9.4
518,4.88,,,1630.6,9.5
519,4.97,,,1815.4,9.5
520,4.96,,,1788.0,9.4
521,5.04,,,1759.3,9.5
522,5.01,,,1674.6,9.5
523,4.84,,,1759.2,9.5
524,4.98,,,1691.7,9.6
525,4.93,,,1860.1,9.5
526,4.84,,,2635.0,9.2
527,5.04,,,1643.0,9.3
528,4.81,,,1853.5,9.3
529,4.96,,,1675.8,9.4
530,4.95,,,1764.5,9.4
531,5.01,,,1615.3,9.5
532,4.86,,,1713.5,9.5
533,4.75,,,1984.4,9.4
534,4.86,,,1658.4,9.5
535,4.79,,,1883.3,9.4
536,4.92,,,1639.5,9.5
537,4.92,,,1644.8,9.6
538,4.7,,,1926.0,9.5
539,5.06,,,1647.8,9.6
540,5.11,,,2127.4,9.4
541,5.04,,,1806.1,9.4
542,4.77,,,1689.0,9.5
543,4.9,,,2008.3,9.3
544,4.88,,,1925.0,9.3
545,4.81,,,1771.3,9.3
546,5.15,,,1746.9,9.3
547,4.76,,,1582.9,9.5
548,4.99,,,1948.3,9.4
549,4.85,,,1659.3,9.5
550,4.86,,,1735.3,9.5
551,5.01,,,1873.0,9.4
552,5.07,,,1750.9,9.5
553,4.89,,,1618.1,9.5
554,4.74,,,2109.5,9.4
555,4.89,,,1957.7,9.3
556,4.92,,,1746.0,9.3
557,4.76,,,1726.3,9.4
558,4.85,,,1748.9,9.4
559,4.95,,,1742.9,9.4
560,5.0,,,1666.1,9.5
561,4.99,,,1579.1,9.6
562,4.92,,,1884.7,9.5
563,4.81,,,1718.8,9.6
564,4.89,,,1925.1,9.5
565,4.83,,,1775.4,9.5
566,4.81,,,2280.8,9.3
567,4.91,,,1788.1,9.3
568,4.88,,,1942.1,9.2
569,4.8,,,1629.7,9.3
570,4.85,,,1787.5,9.3
571,4.75,,,1728.5,9.4
572,4.72,,,1798.2,9.4
573,4.92,,,1904.2,9.3
574,4.83,,,1838.3,9.3
575,5.09,,,1787.6,9.3
576,4.88,,,1720.6,9.4
577,5.09,,,1828.9,9.4
578,4.79,,,1624.5,9.5
579,4.8,,,1712.1,9.5
580,4.92,,,1921.8,9.4
581,4.94,,,1822.6,9.4
582,4.8,,,1723.9,9.4
583,4.72,,,1794.7,9.4
584,4.97,,,2753.5,9.1
585,4.91,,,1814.8,9.1
586,4.83,,,1744.2,9.2
587,4.94,,,1724.2,9.2
588,4.84,,,1829.3,9.2
589,4.87,,,1669.4,9.3
590,4.74,,,1942.8,9.2
591,4.91,,,1751.0,9.3
592,4.75,,,1595.0,9.4
593,4.74,,,1759.9,9.4
594,4.94,,,1643.2,9.5
595,4.9,,,1805.7,9.5
596,4.83,,,1781.0,9.5
597,4.84,,,1659.9,9.6
598,4.92,,,1957.6,9.5
599,4.76,,,1984.8,9.4
600,4.75,,,1699.6,9.4
601,5.24,,,1765.8,9.4
602,4.75,,,1640.0,9.5
603,4.61,,,1921.6,9.4
604,4.93,,,1712.5,9.5
605,4.81,,,1730.9,9.5
606,4.82,,,1676.1,9.6
607,5.04,,,1985.5,9.4
608,4.69,,,2586.8,9.2
609,4.59,,,1709.7,9.2
610,4.97,,,1856.9,9.2
611,4.9,,,1674.3,9.3
612,5.01,,,1762.9,9.3
613,4.76,,,1772.9,9.3
614,4.84,,,1726.3,9.4
615,4.73,,,1951.8,9.3
616,4.61,,,1638.9,9.4
617,4.77,,,1796.9,9.4
618,4.84,,,1685.9,9.5
619,4.84,,,1795.6,9.4
620,4.89,,,1825.9,9.4
621,4.71,,,1613.7,9.5
622,4.82,,,1694.0,9.6
623,4.67,,,1578.0,9.7
624,4.66,,,1593.3,9.8
625,4.89,,,1736.1,9.8
626,4.79,,,1685.1,9.8
627,4.64,,,1806.0,9.7
628,4.62,,,1829.8,9.7
629,4.94,,,1718.9,9.7
630,4.78,,,1769.1,9.7
631,4.68,,,1794.1,9.6
632,4.59,,,1941.9,9.5
633,4.86,,,1790.9,9.5
634,4.81,,,1906.7,9.5
635,4.73,,,1605.9,9.6
636,4.79,,,1919.2,9.5
637,4.61,,,1690.3,9.5
638,4.7,,,1646.0,9.6
639,4.56,,,1666.6,9.7
640,4.7,,,1624.8,9.7
641,4.75,,,1619.1,9.8
642,5.02,,,2019.2,9.6
643,4.91,,,1614.4,9.7
644,4.79,,,1762.0,9.7
645,4.83,,,1684.8,9.7
646,4.91,,,1928.5,9.6
647,5.06,,,1651.7,9.7
648,4.85,,,1962.2,9.6
649,4.7,,,1693.3,9.6
650,4.82,,,1914.5,9.5
651,4.49,,,1615.4,9.6
652,4.74,,,1699.2,9.6
653,4.88,,,1894.7,9.6
654,4.76,,,1737.0,9.6
655,4.66,,,1704.3,9.6
656,4.46,,,1857.6,9.6
657,4.78,,,1906.2,9.5
658,4.76,,,1865.0,9.4
659,4.65,,,1769.2,9.4
660,4.79,,,1738.1,9.5
661,4.58,,,1633.9,9.6
662,4.75,,,1727.1,9.6
663,4.86,,,1764.4,9.6
664,4.72,,,1822.8,9.5
665,4.59,,,1832.8,9.5
666,4.66,,,1904.8,9.4
667,4.73,,,1831.5,9.4
668,4.67,,,1777.2,9.4
669,4.75,,,1742.2,9.4
670,4.79,,,1961.8,9.4
671,4.48,,,1657.0,9.4
672,4.55,,,1665.7,9.5
673,4.43,,,1723.7,9.5
674,4.46,,,1642.7,9.6
675,4.74,,,1762.9,9.6
676,4.56,,,1660.8,9.6
677,4.67,,,1731.3,9.7
678,4.66,,,1868.9,9.6
679,4.81,,,1824.6,9.6
680,4.74,,,1683.3,9.6
681,4.47,,,1731.7,9.6
682,4.64,,,1634.3,9.7
683,4.6,,,1956.3,9.6
684,4.86,,,1818.0,9.5
685,4.8,,,1776.8,9.5
686,4.7,,,1806.0,9.5
687,4.66,,,1799.6,9.5
688,4.53,,,1771.6,9.5
689,4.56,,,1730.1,9.5
690,4.53,,,1563.7,9.6
691,4.68,,,1540.3,9.8
692,4.64,,,1841.7,9.7
693,4.67,,,1751.1,9.7
694,4.75,,,1879.7,9.6
695,4.42,,,1961.4,9.5
696,4.39,,,1682.7,9.6
697,4.53,,,2111.4,9.4
698,4.74,,,2352.4,9.2
699,4.54,,,1632.1,9.3
700,4.88,,,1735.7,9.3
701,4.83,,,1872.0,9.3
702,4.5,,,1723.0,9.3
703,4.62,,,1648.2,9.4
704,4.68,,,1787.1,9.4
705,4.74,,,1672.2,9.5
706,4.6,,,2700.6,9.2
707,4.85,,,1791.2,9.2
708,4.65,,,1597.8,9.3
709,4.76,,,1933.0,9.3
710,4.52,,,1741.6,9.3
711,4.79,,,1962.8,9.2
712,4.64,,,1715.3,9.3
713,4.76,,,1854.1,9.3
714,4.54,,,1827.2,9.3
715,4.34,,,1908.4,9.2
716,4.58,,,1725.0,9.3
717,4.46,,,1663.9,9.4
718,4.58,,,1756.7,9.4
719,4.6,,,1956.4,9.3
720,4.55,,,1814.8,9.3
721,4.41,,,1811.9,9.3
722,4.39,,,1899.9,9.3
723,4.7,,,1809.3,9.3
724,4.71,,,1625.3,9.4
725,4.63,,,1731.2,9.4
726,4.45,,,1733.6,9.4
727,4.73,,,1803.9,9.4
728,4.54,,,1644.8,9.5
729,4.63,,,1686.5,9.6
730,4.47,,,1714.5,9.6
731,4.59,,,1675.0,9.6
732,4.57,,,1819.1,9.6
733,4.44,,,1717.6,9.6
734,4.58,,,1692.5,9.6
735,4.37,,,1784.2,9.6
736,4.57,,,1413.8,9.9
737,4.63,,,1600.8,9.9
738,4.34,,,1710.6,9.9
739,4.48,,,1585.6,10.0
740,4.5,,,1763.5,9.9
741,4.58,,,1799.3,9.9
742,4.37,,,1673.2,9.9
743,4.45,,,1670.8,9.9
744,4.37,,,1690.9,9.9
745,4.48,,,1816.4,9.9
746,4.56,,,1626.4,9.9
747,4.47,,,1917.2,9.8
748,4.58,,,1744.1,9.8
749,4.58,,,1713.9,9.8
750,4.47,,,1726.5,9.8
751,4.63,,,1904.7,9.7
752,4.44,,,1789.6,9.7
753,4.49,,,1749.1,9.7
754,4.43,,,1955.4,9.5
755,4.7,,,1707.4,9.6
756,4.54,,,1845.4,9.5
757,4.44,,,1700.9,9.6
758,4.69,,,1940.0,9.5
759,4.45,,,1959.0,9.4
760,4.5,,,1659.7,9.5
761,4.47,,,1760.7,9.5
762,4.39,,,1652.7,9.5
763,4.26,,,1633.1,9.6
764,4.28,,,1692.3,9.7
765,4.7,,,1717.1,9.7
766,4.48,,,1727.6,9.7
767,4.37,,,2806.1,9.3
768,4.26,,,1689.4,9.4
769,4.42,,,1726.2,9.4
770,4.47,,,1649.7,9.5
771,4.57,,,1777.6,9.5
772,4.7,,,1738.1,9.5
773,4.35,,,1764.5,9.5
774,4.46,,,1658.3,9.6
775,4.62,,,1609.2,9.7
776,4.57,,,1628.9,9.7
777,4.56,,,1796.8,9.7
778,4.46,,,1653.8,9.7
779,4.45,,,1806.3,9.7
780,4.46,,,1685.3,9.7
781,4.47,,,2021.0,9.6
782,4.39,,,1784.2,9.6
783,4.38,,,1792.6,9.6
784,4.47,,,1733.9,9.6
785,4.74,,,1936.6,9.5
786,4.42,,,1733.5,9.5
787,4.32,,,1578.4,9.6
788,4.61,,,1799.2,9.6
789,4.5,,,1763.7,9.6
790,4.29,,,1706.8,9.6
791,4.55,,,1779.6,9.6
792,4.52,,,1655.3,9.7
793,4.41,,,1724.0,9.7
794,4.55,,,2030.5,9.5
795,4.32,,,1613.3,9.6
796,4.5,,,1675.0,9.7
797,4.39,,,1570.6,9.8
798,4.29,,,1676.0,9.8
799,4.36,,,1639.9,9.8
800,4.58,,,1556.9,9.9
801,4.42,,,1621.6,10.0
802,4.38,,,1603.4,10.0
803,4.57,,,1768.9,10.0
804,4.35,,,1914.3,9.9
805,4.27,,,1707.0,9.9
806,4.21,,,1835.6,9.8
807,4.36,,,1763.3,9.8
808,4.51,,,2028.0,9.6
809,4.27,,,1591.3,9.7
810,4.43,,,1889.5,9.6
811,4.39,,,1771.1,9.6
812,4.43,,,1736.4,9.6
813,4.52,,,1725.4,9.6
814,4.56,,,1926.0,9.6
815,4.43,,,1722.9,9.6
816,4.45,,,1807.8,9.5
817,4.42,,,1851.4,9.5
818,4.19,,,1727.0,9.5
819,4.31,,,1645.6,9.6
820,4.25,,,1741.8,9.6
821,4.41,,,1694.5,9.6
822,4.36,,,1610.2,9.7
823,4.35,,,1911.8,9.6
824,4.25,,,1664.6,9.7
825,4.46,,,1886.0,9.6
826,4.37,,,1769.1,9.6
827,4.44,,,2786.7,9.2
828,4.4,,,1866.0,9.2
829,4.31,,,1667.4,9.3
830,4.39,,,1798.5,9.3
831,4.36,,,1931.2,9.2
832,4.38,,,1672.1,9.3
833,4.43,,,1563.7,9.5
834,4.27,,,1866.4,9.4
835,4.42,,,1587.8,9.5
836,4.15,,,2240.9,9.3
837,4.37,,,1858.0,9.3
838,4.36,,,1685.5,9.4
839,4.32,,,1854.4,9.4
840,4.31,,,1753.5,9.4
841,4.32,,,1793.6,9.4
842,4.3,,,1754.4,9.4
843,4.38,,,1896.0,9.3
844,4.52,,,1867.4,9.3
845,4.21,,,1827.0,9.3
846,4.27,,,2924.4,8.9
847,4.38,,,2224.3,8.8
848,4.49,,,1676.3,8.9
849,4.29,,,1814.8,9.0
850,4.33,,,1684.1,9.1
851,4.32,,,1723.6,9.1
852,4.33,,,1713.1,9.2
853,4.22,,,1911.8,9.2
854,4.26,,,1696.3,9.2
855,4.45,,,1746.0,9.3
856,4.33,,,1870.1,9.3
857,4.36,,,1763.7,9.3
858,4.49,,,1678.0,9.4
859,4.41,,,2543.0,9.1
860,4.36,,,1682.1,9.2
861,4.28,,,1739.0,9.2
862,4.28,,,1713.2,9.3
863,4.41,,,1733.8,9.3
864,4.31,,,1779.0,9.3
865,4.18,,,1719.0,9.4
866,4.29,,,1740.7,9.4
867,4.42,,,1721.0,9.5
868,4.26,,,1728.3,9.5
869,4.22,,,1804.3,9.5
870,4.29,,,1523.1,9.6
871,4.29,,,1628.4,9.7
872,4.4,,,1730.6,9.7
873,4.17,,,2245.7,9.5
874,4.16,,,1924.3,9.4
875,4.28,,,1682.9,9.5
876,4.25,,,1885.6,9.4
877,4.44,,,1735.1,9.4
878,4.33,,,1963.8,9.4
879,4.41,,,1875.0,9.3
880,4.22,,,1638.3,9.4
881,4.2,,,1895.4,9.4
882,4.25,,,1940.8,9.3
883,4.36,,,1827.7,9.3
884,4.64,,,1750.8,9.3
885,4.3,,,1773.8,9.3
886,4.22,,,1664.2,9.4
887,4.39,,,1533.0,9.6
888,4.32,,,1673.7,9.6
889,4.37,,,1764.7,9.6
890,4.32,,,1774.4,9.6
891,4.21,,,1649.2,9.7
892,4.34,,,1687.0,9.7
893,4.43,,,1725.2,9.7
894,4.37,,,1628.0,9.8
895,4.38,,,1719.0,9.8
896,4.35,,,1793.7,9.7
897,4.12,,,1736.9,9.7
898,4.32,,,1863.0,9.7
899,4.39,,,1664.5,9.7
900,4.24,,,1705.7,9.7
901,4.04,,,1731.0,9.7
902,4.24,,,1694.7,9.7
903,3.96,,,1489.2,9.9
904,4.28,,,1768.1,9.9
905,4.23,,,1781.9,9.8
906,4.37,,,1589.9,9.9
907,4.35,,,1795.8,9.8
908,4.3,,,1656.4,9.9
909,4.33,,,1713.2,9.9
910,4.21,,,1649.9,9.9
911,4.41,,,1793.9,9.9
912,4.28,,,1681.9,9.9
913,4.16,,,2608.1,9.5
914,4.52,,,1723.8,9.5
915,4.39,,,1761.0,9.5
916,4.23,,,1613.0,9.6
917,4.24,,,1795.2,9.6
918,4.38,,,1595.6,9.7
919,4.34,,,1667.3,9.7
920,4.24,,,1640.9,9.8
921,4.25,,,1896.0,9.7
922,4.28,,,1658.7,9.7
923,4.21,,,2040.7,9.6
924,4.36,,,1910.3,9.5
925,4.32,,,1803.0,9.5
926,4.12,,,2008.5,9.4
927,4.37,,,1678.3,9.5
928,4.43,,,1665.6,9.5
929,4.19,,,1688.0,9.6
930,4.46,,,1688.9,9.6
931,4.31,,,1760.6,9.6
932,4.21,,,1638.2,9.7
933,4.14,,,1847.9,9.6
934,4.24,,,1629.4,9.7
935,4.27,,,1690.7,9.7
936,4.17,,,1978.7,9.6
937,4.2,,,1684.2,9.6
938,4.41,,,1660.1,9.7
939,4.37,,,2033.1,9.5
940,4.26,,,1686.4,9.6
941,4.13,,,2042.2,9.5
942,4.26,,,1667.3,9.5
943,4.2,,,1683.3,9.6
944,4.35,,,1661.5,9.6
945,4.27,,,1642.5,9.7
946,4.18,,,1653.0,9.7
947,4.23,,,1770.1,9.7
948,4.27,,,1619.3,9.8
949,4.21,,,1719.2,9.8
950,4.37,,,1663.9,9.8
951,4.32,,,1873.7,9.7
952,4.4,,,1646.6,9.8
953,4.12,,,1561.7,9.9
954,4.31,,,1705.2,9.9
955,4.44,,,1631.2,9.9
956,4.29,,,1961.4,9.8
957,4.14,,,1532.9,9.9
958,4.24,,,1539.9,10.0
959,4.23,,,1770.9,10.0
960,4.31,,,1691.8,10.0
961,4.3,,,1575.2,10.0
962,4.29,,,1648.8,10.0
963,4.15,,,1667.9,10.1
964,4.26,,,1801.0,10.0
965,4.18,,,1644.3,10.0
966,4.27,,,1676.6,10.0
967,3.95,,,1589.8,10.1
968,4.22,,,1671.1,10.1
969,4.2,,,1727.2,10.0
970,4.46,,,2772.2,9.6
971,4.29,,,1633.7,9.7
972,4.0,,,1502.9,9.9
973,4.19,,,1612.3,9.9
974,4.27,,,1576.8,10.0
975,4.25,,,2143.0,9.8
976,4.3,,,1586.2,9.9
977,4.27,,,1882.1,9.8
978,4.34,,,1462.9,9.9
979,4.37,,,1605.3,10.0
980,4.21,,,1701.4,10.0
981,4.42,,,1734.4,10.0
982,4.36,,,1582.9,10.0
983,4.29,,,1686.3,10.0
984,4.02,,,1588.2,10.1
985,4.16,,,1530.7,10.2
986,4.23,,,1691.0,10.1
987,4.08,,,1728.9,10.1
988,4.35,,,1621.9,10.1
989,4.27,,,1796.9,10.1
990,4.34,,,1948.1,9.9
991,4.43,,,1782.2,9.9
992,4.45,,,1486.9,10.0
993,4.25,,,1879.1,9.9
994,4.24,,,1568.7,10.0
995,3.97,,,1923.9,9.9
996,4.22,,,1563.4,10.0
997,4.09,,,1901.5,9.8
998,4.04,,,1961.6,9.7
999,4.11,,,1773.4,9.7
1000,4.12,4.21,67.58,60242.6,8.8
1001,4.08,,,1582.3,8.9
1002,4.19,,,1648.2,9.1
1003,4.17,,,1856.1,9.1
1004,4.36,,,1761.6,9.1
1005,4.02,,,2000.1,9.0
1006,4.34,,,1688.4,9.1
1007,4.4,,,1721.7,9.2
1008,4.0,,,1557.9,9.4
1009,4.43,,,1771.0,9.4
1010,4.26,,,1711.3,9.4
1011,4.21,,,1862.7,9.4
1012,4.3,,,1694.4,9.4
1013,4.17,,,1701.2,9.5
1014,3.98,,,1790.6,9.5
1015,4.02,,,1875.3,9.4
1016,4.22,,,1833.6,9.4
1017,4.23,,,1643.6,9.5
1018,4.21,,,1845.4,9.4
1019,4.32,,,1961.5,9.4
1020,4.6,,,1775.3,9.4
1021,4.2,,,1902.8,9.3
1022,4.26,,,1716.4,9.4
1023,4.23,,,1875.4,9.3
1024,4.13,,,1742.5,9.4
1025,4.07,,,2343.2,9.1
1026,4.21,,,1794.3,9.2
1027,3.91,,,1951.2,9.1
1028,4.23,,,1597.3,9.3
1029,4.27,,,1940.7,9.2
1030,4.26,,,1777.9,9.2
1031,4.17,,,1744.7,9.3
1032,4.35,,,1670.4,9.3
1033,4.19,,,3359.2,8.9
1034,4.24,,,1851.4,8.9
1035,4.08,,,1798.3,9.0
1036,4.26,,,1876.7,9.0
1037,4.4,,,1919.3,9.0
1038,4.2,,,1818.8,9.0
1039,4.13,,,1827.0,9.0
1040,4.06,,,1620.9,9.1
1041,4.24,,,2016.9,9.1
1042,4.06,,,2008.0,9.0
1043,4.16,,,1661.2,9.1
1044,4.03,,,1654.7,9.2
1045,4.22,,,2022.3,9.1
1046,4.23,,,1801.6,9.1
1047,4.12,,,1452.1,9.4
1048,3.97,,,1881.2,9.3
1049,4.26,,,1677.8,9.4
1050,4.18,,,2003.9,9.3
1051,4.14,,,1917.9,9.3
1052,4.14,,,1688.3,9.3
1053,4.01,,,1778.6,9.3
1054,4.16,,,1659.7,9.4
1055,4.17,,,2021.5,9.3
1056,4.0,,,2001.3,9.2
1057,4.07,,,2074.5,9.1
1058,4.27,,,1845.1,9.1
1059,4.15,,,1870.5,9.1
1060,4.09,,,1816.4,9.1
1061,4.23,,,1815.8,9.1
1062,4.04,,,1810.8,9.2
1063,4.13,,,1812.2,9.2
1064,4.08,,,1696.7,9.2
1065,4.05,,,1676.4,9.3
1066,4.2,,,1928.3,9.3
1067,4.18,,,1664.7,9.3
1068,3.98,,,1746.3,9.4
1069,4.08,,,1913.7,9.3
1070,4.19,,,2779.0,9.0
1071,4.14,,,2197.1,8.9
1072,4.23,,,1791.7,8.9
1073,3.98,,,1736.2,9.0
1074,4.0,,,1799.9,9.0
1075,4.25,,,1869.1,9.0
1076,4.21,,,1770.9,9.1
1077,4.15,,,1786.3,9.1
1078,4.31,,,1694.1,9.2
1079,4.36,,,1698.6,9.3
1080,4.16,,,1972.6,9.2
1081,4.46,,,1835.2,9.2
1082,4.11,,,1701.8,9.3
1083,3.99,,,1749.1,9.3
1084,4.21,,,2015.8,9.2
1085,4.01,,,1932.9,9.2
1086,4.34,,,2127.8,9.0
1087,4.29,,,2779.3,8.7
1088,4.18,,,2088.6,8.7
1089,4.09,,,1879.9,8.7
1090,4.16,,,2145.8,8.6
1091,4.14,,,2025.5,8.6
1092,4.08,,,1676.9,8.7
1093,4.11,,,1856.7,8.8
1094,4.31,,,1851.6,8.8
1095,4.25,,,1762.3,8.9
1096,4.09,,,3611.8,8.4
1097,4.12,,,1784.7,8.5
1098,4.24,,,1847.0,8.6
1099,4.19,,,1729.3,8.7
1100,4.11,,,1926.1,8.7
1101,4.1,,,1892.9,8.7
1102,4.24,,,1819.7,8.8
1103,4.24,,,1820.2,8.8
1104,4.11,,,1732.1,8.9
1105,4.34,,,1604.1,9.1
1106,4.06,,,1774.0,9.1
1107,4.01,,,1733.5,9.2
1108,3.95,,,1739.7,9.2
1109,4.23,,,2455.2,9.0
1110,4.06,,,1823.6,9.0
1111,4.12,,,1806.8,9.0
1112,4.2,,,2042.0,9.0
1113,4.12,,,2676.5,8.7
1114,4.18,,,1752.0,8.8
1115,4.09,,,1872.5,8.8
1116,4.05,,,1750.3,8.9
1117,4.08,,,1992.0,8.8
1118,3.96,,,1903.0,8.8
1119,4.12,,,1723.6,8.9
1120,4.05,,,1796.5,9.0
1121,4.2,,,1796.6,9.0
1122,4.16,,,1751.0,9.1
1123,4.06,,,1640.8,9.2
1124,4.03,,,1932.3,9.1
1125,4.19,,,1756.9,9.2
1126,4.08,,,1731.0,9.2
1127,4.12,,,2016.5,9.2
1128,3.95,,,1806.1,9.2
1129,4.18,,,2001.4,9.1
1130,4.36,,,1887.1,9.1
1131,4.19,,,1852.1,9.1
1132,4.14,,,1716.7,9.2
1133,4.17,,,1870.0,9.1
1134,4.05,,,1953.7,9.1
1135,4.12,,,1648.8,9.2
1136,4.16,,,1803.3,9.2
1137,4.0,,,1720.9,9.3
1138,4.18,,,1811.7,9.3
1139,4.03,,,2011.2,9.2
1140,4.35,,,2185.6,9.0
1141,4.04,,,2222.5,8.9
1142,4.13,,,2022.9,8.8
1143,4.37,,,1892.4,8.8
1144,4.16,,,1697.3,8.9
1145,4.06,,,1958.4,8.9
1146,4.09,,,1792.3,9.0
1147,3.97,,,1924.7,8.9
1148,4.05,,,1871.2,8.9
1149,3.95,,,1874.5,8.9
1150,3.86,,,1758.1,9.0
1151,4.1,,,1771.1,9.1
1152,4.0,,,1848.0,9.1
1153,4.05,,,1831.3,9.1
1154,4.24,,,1715.8,9.1
1155,4.33,,,1800.6,9.2
1156,4.02,,,1936.5,9.1
1157,4.25,,,1811.6,9.1
1158,4.19,,,2060.5,9.0
1159,4.03,,,1622.3,9.2
1160,4.07,,,1645.7,9.3
1161,4.17,,,1857.1,9.3
1162,4.12,,,1954.6,9.2
1163,4.08,,,1785.2,9.2
1164,4.1,,,1881.9,9.2
1165,4.13,,,5938.7,8.6
1166,3.91,,,6116.7,8.0
1167,4.11,,,1820.2,8.1
1168,4.0,,,5787.2,7.6
1169,4.2,,,1768.4,7.8
1170,4.11,,,1936.9,7.9
1171,4.21,,,2725.1,7.7
1172,4.05,,,1801.1,7.9
1173,4.19,,,1752.4,8.0
1174,4.3,,,1835.7,8.2
1175,4.06,,,1796.9,8.3
1176,4.14,,,1869.1,8.3
1177,3.97,,,1871.0,8.4
1178,4.12,,,1635.6,8.6
1179,4.03,,,1806.4,8.7
1180,4.44,,,1743.0,8.8
1181,3.97,,,1788.4,8.8
1182,4.06,,,1730.5,8.9
1183,3.9,,,1815.9,9.0
1184,4.28,,,1691.0,9.1
1185,4.13,,,1814.3,9.1
1186,4.11,,,2588.6,8.8
1187,4.0,,,1883.5,8.8
1188,4.07,,,1900.0,8.8
1189,4.13,,,1752.8,8.9
1190,3.85,,,2213.6,8.8
1191,3.87,,,1860.5,8.8
1192,4.02,,,2042.1,8.8
1193,4.03,,,1791.5,8.8
1194,4.05,,,2010.4,8.8
1195,3.96,,,1873.8,8.8
1196,4.38,,,1752.7,8.9
1197,4.09,,,3084.8,8.5
1198,4.13,,,1831.9,8.6
1199,4.12,,,1789.6,8.7
1200,4.12,,,1881.5,8.7
1201,4.33,,,2062.2,8.7
1202,4.15,,,1897.4,8.7
1203,4.12,,,1791.5,8.7
1204,4.17,,,2176.3,8.6
1205,3.97,,,1879.2,8.7
1206,4.01,,,1676.2,8.8
1207,4.01,,,1776.8,8.9
1208,4.05,,,2351.7,8.7
1209,3.99,,,1927.0,8.7
1210,3.85,,,33752.9,7.9
1211,4.12,,,1850.1,8.0
1212,4.07,,,1774.7,8.2
1213,4.36,,,2128.1,8.1
1214,3.93,,,2278.8,8.1
1215,4.32,,,1872.5,8.2
1216,4.03,,,1861.3,8.2
1217,4.07,,,1806.1,8.3
1218,4.02,,,1870.2,8.4
1219,4.13,,,1752.4,8.5
1220,4.16,,,1730.8,8.7
1221,4.39,,,1923.0,8.7
1222,4.18,,,2153.4,8.6
1223,3.98,,,2049.4,8.5
1224,4.01,,,2049.6,8.5
1225,4.06,,,1809.4,8.6
1226,3.97,,,2018.7,8.6
1227,4.21,,,2137.1,8.5
1228,4.02,,,1750.2,8.6
1229,3.93,,,2135.2,8.5
1230,3.84,,,2894.9,8.3
1231,4.0,,,1676.0,8.4
1232,3.94,,,1846.9,8.5
1233,4.23,,,1898.0,8.5
1234,4.01,,,1857.3,8.6
1235,4.05,,,1919.5,8.6
1236,3.91,,,1833.1,8.7
1237,4.04,,,1935.0,8.7
1238,3.98,,,1664.3,8.8
1239,4.07,,,1768.6,8.9
1240,3.99,,,1832.5,8.9
1241,4.04,,,1889.3,8.9
1242,4.04,,,1784.6,9.0
1243,3.88,,,1765.8,9.0
1244,3.86,,,1699.3,9.1
1245,3.95,,,1792.9,9.1
1246,3.88,,,1725.2,9.2
1247,4.21,,,1908.3,9.2
1248,4.21,,,1860.1,9.2
1249,3.89,,,1736.2,9.2
1250,4.19,,,1914.7,9.2
1251,4.08,,,1934.4,9.1
1252,4.25,,,1763.0,9.2
1253,4.2,,,1892.0,9.1
1254,4.19,,,1975.3,9.1
1255,4.1,,,1872.3,9.1
1256,4.02,,,1870.8,9.1
1257,4.15,,,1786.8,9.1
1258,4.09,,,1865.5,9.1
1259,4.09,,,1930.1,9.1
1260,4.23,,,1971.8,9.0
1261,3.82,,,1935.5,9.0
1262,4.16,,,2091.8,8.9
1263,4.0,,,2186.4,8.8
1264,4.03,,,2103.1,8.7
1265,4.15,,,1772.8,8.8
1266,4.05,,,1803.5,8.8
1267,4.01,,,1872.1,8.8
1268,4.03,,,1734.7,8.9
1269,4.07,,,2015.1,8.9
1270,4.06,,,2444.4,8.7
1271,4.07,,,1775.3,8.8
1272,4.03,,,1724.5,8.9
1273,3.82,,,1827.9,8.9
1274,4.03,,,1836.7,8.9
1275,3.89,,,1921.8,8.9
1276,4.01,,,1818.9,8.9
1277,4.27,,,1763.5,9.0
1278,3.96,,,1877.6,9.0
1279,4.16,,,1781.5,9.0
1280,3.93,,,1751.7,9.1
1281,4.1,,,1803.9,9.1
1282,4.08,,,1801.8,9.1
1283,3.82,,,2113.6,9.0
1284,4.06,,,1740.8,9.1
1285,4.0,,,2259.0,8.9
1286,4.09,,,2005.3,8.9
1287,3.99,,,1840.0,8.9
1288,4.02,,,1788.9,9.0
1289,4.06,,,1672.5,9.1
1290,4.17,,,1745.9,9.1
1291,4.1,,,1680.1,9.2
1292,3.86,,,1865.3,9.2
1293,3.82,,,2434.7,9.0
1294,4.13,,,1886.9,9.0
1295,4.16,,,1766.0,9.0
1296,4.12,,,1719.3,9.1
1297,3.95,,,1873.5,9.1
1298,4.02,,,1678.6,9.2
1299,4.04,,,1979.8,9.1
1300,3.98,,,1790.9,9.1
1301,4.06,,,1989.6,9.1
1302,4.1,,,1785.7,9.1
1303,3.99,,,2362.8,8.9
1304,3.9,,,1838.8,8.9
1305,3.97,,,1709.9,9.0
1306,4.03,,,2049.1,8.9
1307,4.08,,,1935.8,8.9
1308,4.09,,,2071.4,8.8
1309,3.86,,,1938.9,8.8
1310,3.81,,,1722.8,8.9
1311,3.89,,,1760.1,9.0
1312,3.92,,,2629.7,8.7
1313,3.99,,,2008.8,8.7
1314,4.19,,,1773.8,8.8
1315,3.93,,,2031.3,8.7
1316,3.98,,,1893.4,8.7
1317,4.19,,,1888.3,8.8
1318,4.2,,,1639.6,8.9
1319,3.98,,,1766.9,9.0
1320,4.01,,,2091.1,8.9
1321,3.93,,,2203.1,8.8
1322,3.85,,,1899.7,8.8
1323,4.19,,,1855.7,8.8
1324,3.83,,,1760.4,8.9
1325,4.22,,,2078.2,8.8
1326,3.97,,,1809.7,8.8
1327,4.07,,,2275.8,8.7
1328,3.9,,,1944.7,8.7
1329,4.1,,,1732.9,8.8
1330,4.01,,,1716.4,8.9
1331,3.95,,,1868.6,8.9
1332,4.08,,,1720.3,9.0
1333,4.1,,,1834.1,9.0
1334,3.84,,,1647.3,9.1
1335,4.05,,,1781.8,9.2
1336,4.01,,,1895.8,9.1
1337,3.97,,,1850.9,9.1
1338,4.15,,,1954.2,9.1
1339,4.04,,,1699.5,9.2
1340,4.08,,,1928.8,9.1
1341,4.17,,,1948.6,9.1
1342,4.17,,,1917.2,9.0
1343,3.96,,,1988.1,9.0
1344,3.93,,,1693.4,9.1
1345,4.15,,,2321.6,8.9
1346,3.67,,,1844.6,8.9
1347,3.96,,,1765.5,9.0
1348,3.94,,,1938.9,9.0
1349,4.13,,,1844.3,9.0
1350,3.9,,,1956.8,8.9
1351,4.12,,,1801.5,9.0
1352,4.0,,,1882.1,9.0
1353,3.45,,,1839.3,9.0
1354,3.84,,,2166.4,8.9
1355,4.13,,,1902.8,8.9
1356,4.14,,,2235.7,8.7
1357,4.03,,,1934.8,8.7
1358,3.85,,,1912.8,8.7
1359,3.77,,,1813.5,8.8
1360,4.02,,,1754.5,8.9
1361,4.13,,,2793.7,8.6
1362,4.08,,,1770.6,8.7
1363,4.11,,,2067.5,8.6
1364,4.19,,,1760.5,8.7
1365,3.63,,,1737.8,8.8
1366,4.2,,,1787.9,8.9
1367,4.13,,,1727.0,9.0
1368,3.95,,,1703.2,9.1
1369,3.8,,,2042.8,9.0
1370,4.1,,,1792.9,9.0
1371,4.0,,,2058.9,8.9
1372,3.92,,,1917.3,8.9
1373,4.13,,,2106.9,8.8
1374,3.7,,,2926.6,8.5
1375,3.8,,,1790.1,8.6
1376,4.11,,,1948.0,8.6
1377,3.99,,,1969.7,8.6
1378,4.05,,,2104.2,8.5
1379,4.12,,,1805.6,8.6
1380,4.0,,,1736.3,8.7
1381,4.13,,,1776.6,8.8
1382,4.21,,,1823.2,8.8
1383,3.94,,,1939.4,8.8
1384,3.95,,,1945.8,8.8
1385,3.85,,,1834.6,8.8
1386,4.03,,,1870.1,8.9
1387,4.08,,,2011.9,8.8
1388,4.05,,,1821.3,8.9
1389,4.07,,,1912.3,8.9
1390,3.85,,,1701.6,9.0
1391,4.08,,,1953.7,8.9
1392,3.89,,,3463.9,8.5
1393,4.07,,,1834.1,8.6
1394,3.89,,,1876.7,8.6
1395,4.05,,,2438.9,8.4
1396,4.07,,,2855.6,8.2
1397,4.13,,,1848.6,8.3
1398,3.95,,,1800.3,8.4
1399,3.99,,,1871.0,8.5
1400,3.77,,,1899.2,8.5
1401,3.81,,,1863.6,8.5
1402,3.96,,,1875.6,8.6
1403,4.02,,,1808.1,8.7
1404,3.94,,,2204.7,8.6
1405,3.85,,,2969.8,8.3
1406,3.96,,,1778.2,8.4
1407,4.01,,,1804.0,8.5
1408,4.04,,,1732.9,8.6
1409,3.98,,,1685.2,8.7
1410,4.11,,,1926.6,8.7
1411,3.89,,,2120.8,8.7
1412,4.06,,,1783.5,8.7
1413,4.0,,,1645.7,8.9
1414,4.03,,,1825.2,8.9
1415,4.03,,,2361.0,8.7
1416,3.95,,,1829.3,8.8
1417,3.86,,,1971.7,8.8
1418,4.01,,,1912.0,8.8
1419,3.95,,,1780.3,8.8
1420,3.92,,,1820.8,8.9
1421,3.86,,,1796.2,8.9
1422,3.82,,,1869.0,8.9
1423,3.88,,,1779.7,9.0
1424,3.9,,,1699.9,9.1
1425,4.0,,,1837.1,9.1
1426,3.98,,,1795.4,9.1
1427,4.11,,,1792.0,9.1
1428,4.01,,,1765.9,9.2
1429,4.03,,,1841.1,9.2
1430,4.2,,,1736.8,9.2
1431,3.94,,,1813.0,9.2
1432,4.03,,,1681.7,9.3
1433,4.0,,,1852.1,9.3
1434,4.0,,,1747.3,9.3
1435,3.76,,,1910.4,9.3
1436,3.74,,,1757.1,9.3
1437,4.0,,,1785.5,9.3
1438,3.87,,,1855.6,9.3
1439,3.8,,,1959.6,9.2
1440,3.84,,,1815.4,9.2
1441,3.97,,,1726.9,9.3
1442,4.07,,,1774.2,9.3
1443,4.06,,,1728.5,9.3
1444,3.65,,,1674.9,9.4
1445,3.84,,,1875.9,9.4
1446,3.89,,,1818.8,9.4
1447,4.04,,,1878.0,9.3
1448,4.07,,,1887.7,9.3
1449,4.12,,,1855.4,9.3
1450,3.83,,,2355.2,9.0
1451,3.84,,,1731.1,9.1
1452,3.82,,,1866.8,9.1
1453,3.91,,,1766.3,9.1
1454,4.02,,,1775.8,9.2
1455,4.08,,,1974.0,9.1
1456,3.93,,,2070.2,9.0
1457,3.95,,,2050.9,8.9
1458,3.95,,,1699.1,9.0
1459,4.1,,,1709.0,9.1
1460,3.74,,,1777.2,9.2
1461,3.99,,,1773.5,9.2
1462,4.11,,,1937.0,9.1
1463,4.03,,,1822.8,9.1
1464,3.99,,,1874.7,9.1
1465,3.99,,,1815.8,9.1
1466,4.05,,,1646.1,9.3
1467,4.06,,,1828.9,9.2
1468,3.71,,,2167.8,9.1
1469,3.88,,,1814.5,9.1
1470,4.08,,,1897.6,9.1
1471,3.91,,,2142.3,9.0
1472,4.01,,,1853.2,9.0
1473,4.05,,,2055.1,8.9
1474,4.0,,,1710.2,9.0
1475,4.06,,,1847.9,9.0
1476,4.03,,,3067.0,8.7
1477,4.07,,,1875.1,8.7
1478,3.9,,,1975.2,8.7
1479,3.98,,,1933.3,8.7
1480,3.88,,,1755.5,8.8
1481,3.83,,,1785.0,8.8
1482,4.08,,,1897.7,8.8
1483,3.8,,,1839.0,8.9
1484,4.03,,,1845.1,8.9
1485,3.91,,,1760.9,9.0
1486,3.88,,,2061.0,8.9
1487,3.9,,,1712.9,9.0
1488,3.93,,,1831.2,9.0
1489,3.96,,,1815.1,9.0
1490,4.0,,,3259.3,8.6
1491,4.08,,,1789.1,8.7
1492,3.61,,,1787.8,8.8
1493,3.8,,,2110.2,8.7
1494,3.86,,,2111.5,8.6
1495,3.8,,,2026.0,8.6
1496,3.99,,,1916.0,8.6
1497,3.99,,,1960.2,8.6
1498,3.85,,,1845.5,8.7
1499,3.98,,,1881.5,8.7
1500,3.98,,,1752.9,8.8
1501,3.95,,,1750.8,8.9
1502,3.98,,,1758.7,8.9
1503,4.03,,,1985.7,8.9
1504,3.92,,,1631.8,9.0
1505,3.97,,,1778.0,9.1
1506,4.05,,,1619.8,9.2
1507,3.97,,,1698.6,9.3
1508,3.87,,,1814.6,9.3
1509,3.88,,,1733.8,9.3
1510,4.15,,,1846.1,9.3
1511,4.02,,,1824.2,9.3
1512,3.91,,,2011.9,9.2
1513,4.14,,,2007.0,9.1
1514,3.97,,,1747.6,9.2
1515,3.85,,,1765.7,9.2
1516,3.83,,,1708.0,9.3
1517,3.83,,,1843.0,9.3
1518,3.98,,,1694.8,9.3
1519,4.06,,,1906.9,9.3
1520,3.89,,,1687.0,9.3
1521,4.19,,,1733.7,9.4
1522,3.91,,,2012.1,9.3
1523,3.99,,,1784.8,9.3
1524,3.88,,,1739.6,9.3
1525,4.06,,,1818.2,9.3
1526,4.04,,,2048.6,9.2
1527,3.72,,,1791.7,9.2
1528,3.88,,,2150.2,9.1
1529,3.95,,,1544.0,9.3
1530,4.06,,,1771.1,9.3
1531,3.78,,,2863.4,9.0
1532,3.97,,,1950.7,8.9
1533,3.95,,,1719.4,9.0
1534,3.94,,,1753.2,9.1
1535,3.83,,,2052.7,9.0
1536,3.77,,,1919.1,9.0
1537,4.07,,,1840.0,9.0
1538,3.9,,,1831.6,9.0
1539,3.95,,,1786.6,9.0
1540,3.84,,,2214.4,8.9
1541,3.9,,,1817.8,8.9
1542,3.91,,,2163.6,8.8
1543,3.73,,,1656.6,9.0
1544,4.14,,,1677.6,9.1
1545,4.04,,,1920.3,9.0
1546,3.94,,,2753.1,8.7
1547,3.89,,,2100.0,8.7
1548,3.83,,,1793.8,8.7
1549,4.01,,,1815.0,8.8
1550,4.01,,,1771.0,8.9
1551,3.85,,,1744.9,8.9
1552,3.79,,,2934.4,8.6
1553,3.88,,,1717.9,8.7
1554,3.86,,,1852.3,8.8
1555,3.85,,,1642.7,8.9
1556,3.95,,,1764.2,9.0
1557,4.02,,,1913.8,9.0
1558,3.9,,,1781.8,9.0
1559,3.79,,,1650.9,9.1
1560,3.98,,,1812.2,9.1
1561,3.99,,,1803.6,9.2
1562,3.84,,,1646.7,9.3
1563,3.91,,,1840.4,9.3
1564,4.11,,,1749.2,9.3
1565,4.1,,,1797.8,9.3
1566,4.03,,,1863.9,9.3
1567,3.93,,,1715.3,9.3
1568,3.97,,,1691.8,9.4
1569,3.81,,,1755.2,9.4
1570,3.9,,,1828.0,9.4
1571,4.03,,,1855.6,9.4
1572,3.99,,,2788.5,9.0
1573,3.67,,,1833.1,9.0
1574,4.05,,,1883.4,9.0
1575,3.88,,,1833.4,9.0
1576,3.98,,,1850.3,9.1
1577,3.74,,,1631.6,9.2
1578,3.67,,,1785.8,9.2
1579,3.99,,,1661.5,9.3
1580,3.87,,,1804.9,9.3
1581,3.99,,,1661.4,9.4
1582,3.87,,,1879.8,9.3
1583,3.97,,,1829.6,9.3
1584,4.0,,,2164.2,9.2
1585,3.77,,,1725.0,9.2
1586,3.85,,,1914.9,9.2
1587,3.92,,,1859.3,9.2
1588,4.05,,,1565.1,9.3
1589,3.75,,,2079.3,9.2
1590,4.01,,,1871.2,9.2
1591,3.75,,,1825.2,9.2
1592,3.96,,,1775.6,9.2
1593,4.18,,,1684.9,9.3
1594,3.71,,,1817.7,9.3
1595,3.89,,,1854.1,9.3
1596,3.69,,,2510.5,9.0
1597,3.95,,,1599.5,9.2
1598,4.08,,,1750.6,9.2
1599,4.08,,,1691.1,9.3
1600,3.72,,,1691.1,9.4
1601,3.97,,,1685.3,9.4
1602,3.93,,,2192.3,9.2
1603,3.78,,,1790.3,9.3
1604,3.93,,,1690.8,9.3
1605,3.68,,,1777.1,9.3
1606,3.97,,,1754.1,9.4
1607,3.89,,,2909.9,9.0
1608,4.02,,,1854.2,9.0
1609,3.58,,,1856.2,9.0
1610,4.21,,,2055.2,8.9
1611,3.88,,,2024.6,8.9
1612,3.93,,,2022.7,8.8
1613,3.92,,,1931.1,8.8
1614,4.06,,,1859.1,8.8
1615,3.87,,,1793.3,8.9
1616,3.74,,,1819.5,8.9
1617,3.96,,,1814.9,9.0
1618,3.95,,,1821.6,9.0
1619,4.04,,,1733.3,9.1
1620,3.92,,,2279.3,8.9
1621,3.99,,,2111.2,8.8
1622,3.78,,,1893.7,8.8
1623,3.99,,,1817.7,8.9
1624,4.09,,,1948.9,8.8
1625,3.97,,,2883.2,8.5
1626,3.82,,,1925.2,8.6
1627,4.08,,,1807.6,8.6
1628,3.86,,,1805.0,8.7
1629,4.02,,,1877.6,8.7
1630,3.95,,,1835.8,8.8
1631,3.94,,,1829.1,8.8
1632,4.02,,,1755.7,8.9
1633,3.98,,,1986.3,8.8
1634,3.97,,,1799.5,8.9
1635,3.88,,,2245.8,8.8
1636,3.85,,,1940.4,8.8
1637,4.12,,,1874.9,8.8
1638,3.88,,,1793.1,8.8
1639,4.02,,,1717.0,8.9
1640,3.8,,,1758.2,9.0
1641,3.66,,,1917.6,9.0
1642,3.94,,,1721.6,9.1
1643,4.1,,,1719.0,9.1
1644,3.95,,,2201.5,9.0
1645,3.83,,,2133.3,8.9
1646,3.89,,,1824.4,8.9
1647,4.18,,,1929.1,8.9
1648,3.94,,,1824.2,8.9
1649,4.1,,,2605.1,8.7
1650,3.85,,,1974.1,8.7
1651,3.78,,,1833.5,8.7
1652,3.84,,,1634.5,8.9
1653,3.9,,,2159.7,8.8
1654,3.85,,,1786.8,8.8
1655,4.0,,,1904.4,8.8
1656,3.77,,,2941.3,8.5
1657,3.92,,,1870.2,8.6
1658,4.01,,,1996.1,8.6
1659,3.75,,,2027.4,8.5
1660,4.03,,,1868.5,8.6
1661,3.91,,,1843.9,8.6
1662,3.68,,,1839.5,8.7
1663,3.92,,,2175.2,8.6
1664,3.84,,,1820.6,8.7
1665,3.87,,,1884.1,8.7
1666,3.89,,,1652.5,8.8
1667,3.99,,,1875.5,8.8
1668,3.8,,,2111.8,8.8
1669,3.97,,,1726.6,8.9
1670,4.01,,,1851.6,8.9
1671,3.85,,,3050.4,8.5
1672,3.81,,,3247.3,8.2
1673,3.86,,,2200.0,8.2
1674,3.91,,,2451.6,8.0
1675,3.81,,,1775.6,8.2
1676,3.86,,,2161.6,8.1
1677,3.83,,,1909.0,8.2
1678,3.94,,,1852.9,8.3
1679,4.01,,,1987.9,8.3
1680,3.84,,,1867.0,8.4
1681,3.84,,,1820.7,8.5
1682,4.04,,,1904.2,8.5
1683,4.05,,,1858.8,8.6
1684,3.93,,,1786.1,8.6
1685,3.92,,,1940.6,8.6
1686,3.97,,,1747.4,8.7
1687,4.0,,,1838.4,8.8
1688,3.95,,,1687.7,8.9
1689,3.87,,,2193.0,8.8
1690,4.01,,,1816.1,8.8
1691,3.76,,,1868.3,8.8
1692,3.81,,,1873.4,8.9
1693,3.97,,,2601.3,8.6
1694,3.78,,,1601.0,8.8
1695,3.88,,,1837.6,8.8
1696,4.0,,,1866.6,8.9
1697,3.74,,,1932.3,8.8
1698,3.86,,,1874.5,8.9
1699,3.7,,,2298.0,8.7
1700,3.87,,,2119.6,8.6
1701,3.87,,,1842.4,8.7
1702,4.14,,,1849.6,8.7
1703,3.94,,,1715.3,8.8
1704,3.8,,,1955.7,8.8
1705,3.7,,,1807.0,8.9
1706,3.8,,,1816.5,8.9
1707,4.04,,,1927.5,8.9
1708,3.9,,,2013.0,8.8
1709,3.92,,,1911.1,8.8
1710,3.66,,,1688.7,8.9
1711,3.93,,,1698.2,9.0
1712,3.87,,,1649.3,9.2
1713,4.0,,,1695.8,9.2
1714,3.9,,,1965.9,9.2
1715,3.94,,,3081.0,8.8
1716,3.98,,,1989.8,8.8
1717,3.7,,,1768.5,8.8
1718,3.66,,,1721.2,8.9
1719,4.0,,,2941.0,8.6
1720,3.73,,,2057.3,8.6
1721,4.04,,,1758.3,8.7
1722,3.8,,,1862.3,8.7
1723,3.85,,,1631.0,8.9
1724,3.88,,,2396.7,8.7
1725,3.76,,,2767.6,8.4
1726,3.76,,,3525.7,8.1
1727,3.87,,,1804.2,8.2
1728,4.1,,,1987.2,8.2
1729,3.85,,,1754.1,8.4
1730,4.05,,,1796.1,8.5
1731,4.02,,,1802.0,8.5
1732,3.92,,,2543.9,8.3
1733,3.79,,,1808.2,8.4
1734,3.96,,,1874.9,8.5
1735,3.94,,,1870.6,8.5
1736,3.92,,,1824.5,8.6
1737,3.89,,,2506.9,8.4
1738,3.82,,,1839.4,8.5
1739,3.78,,,1840.2,8.6
1740,3.93,,,1670.7,8.7
1741,4.02,,,1725.3,8.8
1742,3.87,,,1934.1,8.8
1743,3.89,,,1739.5,8.9
1744,3.84,,,1907.8,8.9
1745,3.67,,,2327.5,8.7
1746,4.26,,,1850.1,8.8
1747,3.92,,,1978.0,8.7
1748,3.73,,,2136.7,8.6
1749,3.72,,,1936.0,8.7
1750,3.86,,,1826.4,8.7
1751,3.89,,,1629.9,8.9
1752,3.74,,,1908.2,8.9
1753,3.98,,,1848.1,8.9
1754,3.78,,,1937.7,8.9
1755,3.7,,,1816.5,8.9
1756,3.74,,,2479.5,8.7
1757,3.68,,,2909.2,8.4
1758,3.75,,,1967.9,8.4
1759,4.11,,,2012.6,8.4
1760,3.81,,,1707.3,8.6
1761,3.87,,,1968.2,8.6
1762,3.92,,,1787.2,8.6
1763,4.01,,,2013.1,8.6
1764,4.05,,,1787.7,8.7
1765,3.95,,,1801.8,8.8
1766,3.95,,,1941.1,8.8
1767,3.91,,,2289.7,8.6
1768,3.55,,,3074.0,8.3
1769,3.78,,,1856.3,8.4
1770,3.69,,,1947.4,8.4
1771,3.9,,,1788.7,8.5
1772,3.91,,,2300.4,8.4
1773,3.77,,,1801.3,8.5
1774,3.98,,,1977.2,8.5
1775,4.07,,,1698.8,8.6
1776,3.84,,,2301.5,8.5
1777,3.91,,,1732.9,8.6
1778,3.95,,,1783.3,8.7
1779,3.94,,,1967.4,8.7
1780,3.82,,,2669.7,8.4
1781,3.9,,,1753.0,8.6
1782,3.63,,,1871.2,8.6
1783,3.92,,,2332.7,8.5
1784,3.8,,,1792.5,8.6
1785,3.74,,,1658.6,8.7
1786,3.82,,,2966.3,8.4
1787,3.8,,,1728.8,8.5
1788,4.0,,,1834.4,8.6
1789,3.7,,,1798.2,8.7
1790,4.08,,,1865.5,8.7
1791,3.78,,,2001.0,8.7
1792,3.82,,,1955.4,8.7
1793,4.0,,,1918.3,8.7
1794,3.81,,,1667.0,8.8
1795,3.85,,,1740.7,8.9
1796,3.85,,,2645.6,8.7
1797,3.91,,,1796.6,8.7
1798,3.97,,,1986.6,8.7
1799,3.98,,,1975.1,8.7
1800,3.83,,,2025.3,8.6
1801,3.74,,,2456.9,8.5
1802,3.78,,,1794.0,8.6
1803,3.59,,,1716.8,8.7
1804,3.88,,,2084.3,8.6
1805,4.07,,,2449.5,8.4
1806,3.68,,,1773.7,8.6
1807,3.83,,,1738.9,8.7
1808,3.99,,,2348.9,8.5
1809,3.87,,,1863.4,8.6
1810,3.71,,,1821.1,8.6
1811,3.77,,,1736.9,8.7
1812,3.95,,,1801.6,8.8
1813,3.98,,,1768.4,8.9
1814,3.91,,,1998.8,8.8
1815,3.9,,,1741.8,8.9
1816,3.97,,,1918.6,8.9
1817,3.64,,,1776.1,9.0
1818,3.97,,,1801.8,9.0
1819,3.84,,,1942.0,9.0
1820,3.66,,,1832.9,9.0
1821,3.74,,,1805.3,9.0
1822,3.8,,,1763.8,9.1
1823,4.06,,,1848.3,9.1
1824,3.62,,,2304.6,8.9
1825,3.71,,,1747.4,9.0
1826,3.79,,,2065.1,8.9
1827,3.65,,,1906.1,8.9
1828,3.97,,,1948.0,8.9
1829,3.9,,,2110.1,8.8
1830,3.77,,,1930.4,8.8
1831,3.93,,,1874.8,8.8
1832,3.77,,,1836.6,8.8
1833,3.98,,,1713.7,8.9
1834,3.7,,,1915.6,8.9
1835,3.95,,,2066.5,8.8
1836,4.15,,,1833.6,8.9
1837,4.06,,,2128.1,8.8
1838,3.84,,,1949.5,8.8
1839,3.94,,,2061.7,8.7
1840,3.6,,,1766.3,8.8
1841,3.86,,,1835.0,8.8
1842,3.98,,,1855.6,8.8
1843,3.76,,,1876.1,8.9
1844,3.91,,,1916.1,8.9
1845,3.81,,,1918.6,8.8
1846,3.89,,,1760.8,8.9
1847,3.95,,,2841.1,8.6
1848,4.04,,,1915.7,8.6
1849,3.84,,,47974.5,7.8
1850,3.71,,,2424.0,7.7
1851,3.9,,,2992.3,7.5
1852,3.93,,,2154.9,7.5
1853,3.75,,,1768.3,7.7
1854,3.88,,,1934.7,7.8
1855,3.99,,,2068.9,7.9
1856,3.94,,,1942.3,7.9
1857,3.94,,,1755.4,8.1
1858,3.79,,,1955.8,8.2
1859,3.98,,,1877.2,8.2
1860,3.88,,,2235.9,8.2
1861,3.69,,,1845.6,8.3
1862,3.81,,,2185.4,8.2
1863,3.85,,,1902.7,8.3
1864,3.73,,,1877.1,8.3
1865,3.88,,,2304.3,8.2
1866,3.92,,,2012.1,8.3
1867,3.8,,,1805.7,8.4
1868,3.77,,,2624.3,8.2
1869,3.97,,,1720.1,8.3
1870,3.55,,,2010.5,8.3
1871,3.78,,,1898.6,8.4
1872,3.63,,,1760.5,8.5
1873,3.83,,,2610.1,8.3
1874,3.87,,,1945.7,8.3
1875,3.9,,,1946.3,8.4
1876,4.03,,,2607.6,8.2
1877,3.8,,,1832.9,8.3
1878,3.99,,,1766.3,8.4
1879,3.95,,,1847.8,8.5
1880,3.85,,,1733.3,8.6
1881,3.84,,,1930.7,8.6
1882,3.79,,,2106.9,8.5
1883,3.85,,,3011.7,8.2
1884,3.67,,,1934.1,8.3
1885,3.76,,,1781.2,8.4
1886,3.86,,,1778.7,8.5
1887,3.84,,,1782.6,8.6
1888,3.77,,,2085.9,8.6
1889,4.17,,,1830.7,8.6
1890,3.81,,,1762.8,8.7
1891,4.05,,,1985.2,8.7
1892,4.0,,,2218.5,8.6
1893,3.96,,,1918.2,8.6
1894,3.75,,,1863.4,8.6
1895,3.84,,,1860.8,8.7
1896,3.85,,,1986.1,8.7
1897,3.79,,,1897.3,8.7
1898,3.68,,,2641.3,8.5
1899,3.9,,,1835.4,8.5
1900,3.72,,,2010.3,8.5
1901,3.85,,,2131.7,8.4
1902,3.76,,,1848.1,8.5
1903,3.71,,,1700.8,8.7
1904,3.71,,,2030.7,8.6
1905,3.9,,,1967.8,8.6
1906,3.79,,,2037.8,8.6
1907,3.9,,,2014.0,8.6
1908,3.83,,,1945.7,8.6
1909,3.81,,,1908.0,8.6
1910,3.91,,,2174.8,8.5
1911,3.74,,,1857.5,8.6
1912,3.98,,,1825.5,8.6
1913,3.73,,,2257.9,8.5
1914,3.64,,,1865.0,8.6
1915,3.69,,,2192.6,8.5
1916,3.92,,,1794.3,8.6
1917,3.76,,,1868.1,8.6
1918,3.98,,,2022.6,8.6
1919,3.96,,,1815.4,8.6
1920,3.82,,,1802.3,8.7
1921,3.64,,,1648.6,8.9
1922,3.84,,,2614.6,8.6
1923,3.93,,,1853.3,8.7
1924,3.71,,,1880.8,8.7
1925,3.57,,,1789.7,8.8
1926,3.87,,,1862.5,8.8
1927,3.89,,,1886.3,8.8
1928,3.86,,,1764.4,8.9
1929,3.88,,,2057.3,8.8
1930,3.85,,,1882.9,8.8
1931,3.7,,,1766.4,8.9
1932,3.81,,,1897.4,8.9
1933,3.9,,,2178.9,8.8
1934,3.87,,,1895.3,8.8
1935,3.84,,,1829.1,8.8
1936,3.92,,,1806.8,8.9
1937,3.81,,,1909.0,8.9
1938,3.95,,,3053.1,8.5
1939,3.98,,,1870.5,8.6
1940,3.67,,,2289.4,8.5
1941,3.69,,,1838.8,8.5
1942,3.77,,,1923.5,8.6
1943,3.91,,,1940.8,8.6
1944,3.88,,,2077.9,8.5
1945,3.89,,,1916.7,8.5
1946,3.85,,,1791.2,8.6
1947,3.91,,,1898.7,8.7
1948,3.68,,,2100.3,8.6
1949,3.88,,,2099.6,8.5
1950,3.81,,,1798.7,8.6
1951,3.85,,,2070.1,8.6
1952,4.02,,,1874.9,8.6
1953,3.76,,,1764.0,8.7
1954,3.84,,,1900.3,8.7
1955,3.94,,,1817.2,8.8
1956,3.79,,,2196.8,8.7
1957,4.03,,,1771.9,8.7
1958,3.84,,,2138.1,8.7
1959,3.9,,,2114.5,8.6
1960,3.73,,,1826.3,8.7
1961,3.96,,,2025.1,8.6
1962,3.88,,,1972.2,8.6
1963,3.85,,,1785.6,8.7
1964,3.97,,,1828.9,8.7
1965,3.75,,,2266.6,8.6
1966,3.89,,,1718.3,8.7
1967,3.74,,,1751.9,8.8
1968,3.82,,,1860.6,8.8
1969,3.72,,,1776.9,8.9
1970,3.7,,,1939.7,8.9
1971,3.73,,,2182.2,8.8
1972,3.91,,,2064.6,8.7
1973,3.82,,,1696.2,8.8
1974,4.04,,,1826.9,8.9
1975,3.72,,,1786.0,8.9
1976,3.76,,,1816.2,9.0
1977,3.71,,,1710.3,9.0
1978,3.64,,,2026.3,9.0
1979,3.85,,,2036.2,8.9
1980,3.89,,,2952.0,8.6
1981,3.92,,,1971.0,8.6
1982,3.76,,,1955.0,8.6
1983,3.88,,,1882.8,8.6
1984,3.81,,,1893.6,8.6
1985,3.79,,,1753.3,8.7
1986,3.93,,,1967.3,8.7
1987,4.04,,,2987.4,8.4
1988,3.79,,,3037.2,8.1
1989,3.72,,,1812.8,8.2
1990,3.92,,,1981.5,8.3
1991,3.87,,,1782.1,8.4
1992,3.85,,,1981.0,8.4
1993,3.93,,,1867.0,8.5
1994,3.94,,,2076.4,8.4
1995,3.87,,,1977.2,8.4
1996,3.73,,,2126.1,8.4
1997,3.6,,,1910.4,8.4
1998,3.64,,,1782.2,8.5
1999,3.97,,,1879.9,8.6
2000,3.75,3.82,45.43,75996.8,7.7
2001,3.79,,,1994.9,7.8
2002,4.0,,,1908.6,7.9
2003,3.66,,,1822.7,8.0
2004,3.62,,,2145.4,8.0
2005,3.86,,,2115.8,8.0
2006,3.8,,,1941.1,8.1
2007,3.97,,,2072.7,8.1
2008,3.99,,,1971.6,8.1
2009,3.8,,,2170.8,8.1
2010,3.8,,,1959.3,8.1
2011,3.78,,,1726.6,8.3
2012,3.92,,,2662.9,8.1
2013,3.71,,,2003.4,8.1
2014,3.9,,,1890.0,8.2
2015,3.92,,,1784.7,8.3
2016,3.74,,,1843.1,8.4
2017,3.92,,,1776.6,8.5
2018,3.86,,,1846.8,8.6
2019,3.73,,,1961.4,8.6
2020,3.76,,,1903.0,8.6
2021,3.6,,,2063.0,8.6
2022,3.78,,,1804.2,8.6
2023,3.78,,,1815.8,8.7
2024,3.95,,,1785.5,8.8
2025,3.83,,,2047.1,8.7
2026,3.72,,,1712.2,8.8
2027,3.74,,,1983.2,8.8
2028,3.65,,,2596.0,8.6
2029,3.64,,,1921.8,8.6
2030,3.73,,,2052.8,8.5
2031,3.73,,,1777.7,8.6
2032,3.81,,,1836.5,8.7
2033,3.84,,,1897.4,8.7
2034,3.74,,,2106.2,8.6
2035,3.82,,,2036.0,8.6
2036,3.73,,,1803.0,8.7
2037,3.9,,,1854.3,8.7
2038,3.81,,,2094.5,8.6
2039,3.85,,,1937.2,8.7
2040,3.87,,,1688.0,8.8
2041,3.55,,,2291.5,8.6
2042,3.73,,,1803.7,8.7
2043,3.84,,,1701.9,8.8
2044,4.05,,,2054.9,8.8
2045,3.76,,,1977.9,8.7
2046,3.92,,,2498.6,8.5
2047,3.87,,,1881.0,8.6
2048,3.67,,,1830.3,8.6
2049,3.78,,,1878.1,8.7
2050,3.8,,,1773.9,8.8
2051,3.46,,,2214.5,8.6
2052,3.81,,,1998.8,8.6
2053,3.85,,,1793.2,8.7
2054,3.76,,,1928.2,8.7
2055,3.72,,,2973.1,8.4
2056,3.55,,,2869.2,8.1
2057,3.83,,,1729.0,8.3
2058,3.73,,,1810.8,8.4
2059,3.74,,,1714.5,8.5
2060,3.93,,,2006.8,8.5
2061,3.78,,,1816.4,8.6
2062,3.73,,,3301.7,8.3
2063,3.85,,,1753.4,8.4
2064,3.75,,,1918.2,8.4
2065,3.83,,,1804.0,8.5
2066,3.67,,,1943.3,8.5
2067,3.83,,,1776.6,8.6
2068,3.85,,,2005.6,8.6
2069,3.77,,,1980.2,8.6
2070,3.61,,,1735.6,8.7
2071,3.92,,,2012.8,8.7
2072,3.74,,,1899.3,8.7
2073,3.82,,,1739.0,8.8
2074,3.97,,,2112.5,8.7
2075,3.75,,,1872.5,8.7
2076,3.65,,,1904.0,8.7
2077,3.91,,,2200.8,8.6
2078,3.86,,,1686.4,8.8
2079,3.67,,,2329.0,8.6
2080,3.77,,,1783.9,8.7
2081,4.07,,,1803.7,8.8
2082,3.78,,,1801.8,8.8
2083,3.82,,,1750.2,8.9
2084,3.7,,,1791.0,8.9
2085,3.81,,,3059.2,8.6
2086,3.85,,,1754.6,8.7
2087,3.76,,,3176.1,8.4
2088,3.72,,,1908.5,8.4
2089,3.92,,,1918.8,8.4
2090,3.85,,,1737.0,8.6
2091,3.74,,,1960.4,8.6
2092,3.65,,,1821.1,8.6
2093,3.6,,,1739.7,8.7
2094,3.8,,,1870.7,8.8
2095,3.8,,,1741.4,8.9
2096,3.82,,,2067.4,8.8
2097,3.67,,,2931.6,8.5
2098,3.87,,,1947.6,8.5
2099,4.05,,,1702.8,8.6
2100,3.8,,,1825.9,8.7
2101,3.77,,,1805.3,8.8
2102,3.72,,,2179.9,8.7
2103,3.64,,,2072.4,8.6
2104,3.84,,,2082.2,8.5
2105,3.94,,,2045.1,8.5
2106,3.73,,,2835.3,8.3
2107,3.46,,,1680.3,8.4
2108,3.63,,,1968.5,8.4
2109,3.46,,,3251.8,8.1
2110,3.74,,,1866.2,8.2
2111,3.72,,,1741.1,8.4
2112,3.54,,,2067.0,8.3
2113,3.77,,,2071.1,8.3
2114,3.99,,,2058.8,8.3
2115,3.72,,,1971.5,8.3
2116,3.84,,,1968.6,8.3
2117,3.81,,,2967.9,8.1
2118,3.85,,,1814.2,8.2
2119,3.8,,,1823.4,8.3
2120,3.99,,,1693.3,8.5
2121,3.72,,,2297.2,8.4
2122,3.57,,,1876.9,8.4
2123,3.91,,,1838.5,8.5
2124,3.79,,,2153.8,8.4
2125,4.12,,,1865.5,8.5
2126,3.83,,,1754.1,8.6
2127,3.8,,,1726.8,8.7
2128,3.58,,,1874.3,8.7
2129,3.9,,,1817.1,8.8
2130,3.7,,,2034.5,8.7
2131,3.71,,,2249.7,8.6
2132,3.84,,,1894.7,8.6
2133,3.69,,,2646.6,8.4
2134,3.72,,,1695.9,8.6
2135,3.9,,,2269.3,8.4
2136,3.53,,,1950.4,8.5
2137,3.56,,,1898.8,8.5
2138,3.51,,,1679.9,8.7
2139,3.83,,,1856.3,8.7
2140,3.88,,,1889.2,8.7
2141,3.74,,,2022.0,8.7
2142,3.9,,,1917.0,8.7
2143,3.78,,,1970.8,8.7
2144,3.7,,,1686.7,8.8
2145,3.82,,,1895.6,8.8
2146,3.47,,,1926.4,8.8
2147,3.75,,,2274.8,8.7
2148,3.7,,,1798.2,8.7
2149,3.83,,,2131.3,8.7
2150,3.66,,,2247.5,8.5
2151,3.94,,,1878.4,8.6
2152,3.71,,,1907.7,8.6
2153,3.74,,,1821.1,8.7
2154,3.75,,,1909.6,8.7
2155,3.72,,,1777.3,8.8
2156,3.91,,,2397.8,8.6
2157,3.95,,,2110.6,8.5
2158,3.85,,,1842.4,8.6
2159,3.81,,,1767.2,8.7
2160,3.65,,,1814.8,8.7
2161,3.75,,,2089.9,8.7
2162,3.68,,,1863.0,8.7
2163,3.82,,,1915.4,8.7
2164,3.77,,,1833.9,8.8
2165,3.55,,,2088.4,8.7
2166,3.62,,,1920.4,8.7
2167,3.75,,,1952.1,8.7
2168,3.68,,,1710.0,8.8
2169,3.7,,,1910.8,8.8
2170,3.57,,,1820.8,8.9
2171,3.66,,,2001.1,8.8
2172,3.77,,,1865.2,8.8
2173,3.69,,,1837.4,8.9
2174,3.66,,,2637.3,8.6
2175,3.62,,,2241.9,8.5
2176,3.79,,,2015.4,8.5
2177,3.86,,,1849.5,8.5
2178,3.77,,,1917.0,8.6
2179,3.9,,,1962.0,8.6
2180,3.9,,,1765.0,8.7
2181,3.84,,,1977.0,8.7
2182,3.86,,,1800.0,8.7
2183,3.71,,,2362.6,8.6
2184,3.93,,,1840.8,8.6
2185,3.7,,,1754.3,8.7
2186,3.95,,,1867.1,8.7
2187,3.99,,,2283.0,8.6
2188,3.87,,,1828.2,8.7
2189,3.85,,,1824.6,8.7
2190,3.86,,,1758.4,8.8
2191,3.92,,,1725.4,8.9
2192,3.65,,,1845.5,8.9
2193,4.03,,,1825.0,9.0
2194,3.61,,,1957.7,8.9
2195,3.78,,,1856.4,8.9
2196,3.77,,,1902.0,8.9
2197,3.86,,,1835.3,9.0
2198,3.95,,,1778.3,9.0
2199,3.66,,,1859.7,9.0
2200,3.89,,,1911.0,9.0
2201,3.65,,,1693.1,9.1
2202,3.79,,,1956.8,9.0
2203,3.81,,,1890.9,9.0
2204,3.82,,,1667.9,9.1
2205,3.88,,,1906.8,9.1
2206,3.78,,,1778.1,9.1
2207,3.85,,,1828.7,9.1
2208,3.85,,,1864.1,9.1
2209,3.77,,,2052.0,9.0
2210,3.8,,,3159.0,8.7
2211,3.78,,,1764.0,8.8
2212,3.61,,,1896.7,8.8
2213,4.03,,,1760.0,8.8
2214,3.66,,,1892.2,8.9
2215,3.76,,,1877.5,8.9
2216,3.82,,,1942.7,8.8
2217,3.9,,,2112.1,8.8
2218,3.77,,,3007.6,8.4
2219,3.73,,,1694.5,8.6
2220,3.89,,,1930.4,8.6
2221,3.74,,,1736.6,8.7
2222,3.92,,,1816.5,8.8
2223,3.65,,,1883.2,8.8
2224,3.99,,,1840.9,8.8
2225,3.71,,,1835.9,8.9
2226,3.93,,,1886.5,8.9
2227,3.79,,,1778.7,8.9
2228,3.85,,,1889.4,8.9
2229,3.74,,,1758.0,9.0
2230,3.72,,,1869.1,9.0
2231,3.72,,,2046.0,8.9
2232,3.64,,,1972.7,8.9
2233,3.75,,,1743.6,9.0
2234,3.79,,,1649.7,9.1
2235,3.81,,,1860.3,9.1
2236,3.85,,,1924.7,9.0
2237,3.97,,,1684.2,9.1
2238,3.87,,,1679.7,9.2
2239,3.62,,,1841.4,9.2
2240,3.83,,,2208.9,9.1
2241,3.57,,,1878.6,9.0
2242,3.5,,,1924.4,9.0
2243,3.79,,,1846.3,9.0
2244,3.77,,,2068.9,8.9
2245,3.73,,,1695.8,9.0
2246,3.66,,,1976.4,9.0
2247,3.7,,,1933.3,9.0
2248,3.88,,,1844.6,9.0
2249,3.81,,,1997.2,8.9
2250,4.03,,,1710.7,9.0
2251,3.86,,,1847.0,9.0
2252,3.71,,,1837.7,9.0
2253,3.79,,,1866.9,9.0
2254,3.82,,,1913.0,9.0
2255,3.78,,,2176.3,8.9
2256,3.67,,,1649.9,9.0
2257,3.74,,,2005.3,9.0
2258,3.78,,,1739.9,9.0
2259,3.76,,,1686.3,9.1
2260,3.76,,,2002.1,9.0
2261,3.68,,,1986.3,9.0
2262,3.97,,,1842.3,9.0
2263,3.58,,,1917.8,9.0
2264,3.6,,,1825.5,9.0
2265,3.76,,,1974.5,9.0
2266,3.71,,,1949.2,8.9
2267,3.89,,,1908.9,8.9
2268,3.63,,,1881.1,8.9
2269,3.8,,,1930.9,8.9
2270,3.77,,,1823.5,8.9
2271,3.72,,,1826.0,9.0
2272,3.7,,,1901.8,8.9
2273,3.78,,,1801.4,9.0
2274,3.65,,,1858.7,9.0
2275,3.7,,,1687.5,9.1
2276,3.89,,,1897.2,9.1
2277,3.72,,,1842.9,9.1
2278,3.86,,,1770.5,9.1
2279,3.79,,,2042.7,9.0
2280,3.74,,,1956.7,9.0
2281,3.83,,,1784.5,9.0
2282,3.96,,,1738.5,9.1
2283,3.69,,,1746.4,9.2
2284,3.72,,,1857.7,9.1
2285,3.55,,,1823.4,9.2
2286,3.81,,,1862.9,9.1
2287,3.86,,,1890.9,9.1
2288,3.66,,,1762.0,9.2
2289,3.71,,,2101.3,9.0
2290,3.78,,,1804.2,9.1
2291,3.62,,,2567.1,8.8
2292,3.78,,,1758.3,8.9
2293,3.71,,,2013.9,8.8
2294,3.76,,,2359.3,8.7
2295,3.74,,,1902.5,8.7
2296,3.86,,,1805.3,8.8
2297,3.87,,,1975.7,8.7
2298,3.74,,,1845.9,8.8
2299,3.66,,,1891.0,8.8
2300,3.81,,,2811.1,8.5
2301,3.78,,,2158.0,8.4
2302,3.88,,,1904.4,8.5
2303,3.85,,,1522.5,8.7
2304,3.76,,,1830.8,8.8
2305,3.44,,,1747.2,8.9
2306,3.88,,,1855.3,8.9
2307,3.68,,,1929.9,8.9
2308,3.82,,,1773.5,8.9
2309,3.8,,,1574.7,9.1
2310,3.75,,,2691.0,8.8
2311,3.81,,,2134.7,8.7
2312,3.81,,,1810.0,8.8
2313,3.7,,,1720.8,8.9
2314,3.63,,,1813.1,8.9
2315,3.68,,,1740.3,9.0
2316,3.85,,,1704.3,9.1
2317,3.95,,,1957.4,9.0
2318,3.7,,,2121.9,8.9
2319,3.88,,,1835.2,9.0
2320,3.82,,,1940.5,8.9
2321,3.94,,,1877.7,8.9
2322,3.79,,,1737.0,9.0
2323,3.7,,,1935.0,9.0
2324,4.01,,,2749.3,8.7
2325,3.67,,,2092.8,8.6
2326,4.09,,,1868.1,8.7
2327,4.0,,,1846.5,8.7
2328,3.74,,,1723.8,8.8
2329,3.86,,,1873.4,8.8
2330,3.76,,,2952.3,8.5
2331,3.73,,,1967.5,8.5
2332,3.79,,,1835.9,8.6
2333,3.64,,,1815.2,8.7
2334,3.52,,,1728.9,8.8
2335,3.81,,,1813.4,8.8
2336,3.87,,,1675.5,8.9
2337,3.66,,,1720.8,9.0
2338,3.68,,,2042.8,8.9
2339,3.81,,,2229.7,8.8
2340,3.93,,,1769.3,8.9
2341,3.96,,,1820.2,8.9
2342,4.08,,,1793.8,9.0
2343,3.76,,,1867.7,9.0
2344,3.78,,,1958.7,8.9
2345,3.96,,,2594.8,8.7
2346,3.6,,,1782.4,8.8
2347,3.41,,,1798.2,8.8
2348,3.85,,,1767.2,8.9
2349,3.81,,,2088.2,8.8
2350,3.84,,,1791.4,8.9
2351,3.9,,,1904.6,8.9
2352,3.95,,,1876.2,8.9
2353,3.7,,,1687.9,9.0
2354,3.86,,,1807.7,9.0
2355,3.81,,,1756.1,9.1
2356,3.76,,,1999.9,9.0
2357,3.71,,,1714.9,9.1
2358,3.58,,,2086.0,9.0
2359,3.78,,,1727.4,9.1
2360,3.68,,,1851.6,9.1
2361,3.73,,,1773.7,9.1
2362,3.92,,,1730.6,9.2
2363,3.75,,,1870.0,9.2
2364,3.74,,,1734.8,9.2
2365,3.6,,,1813.4,9.2
2366,3.71,,,1764.9,9.2
2367,3.96,,,1829.9,9.2
2368,3.78,,,1859.6,9.2
2369,3.64,,,1794.2,9.2
2370,3.89,,,1934.7,9.2
2371,3.86,,,1646.7,9.3
2372,3.82,,,1968.6,9.2
2373,3.8,,,1781.9,9.2
2374,3.64,,,1713.0,9.3
2375,3.63,,,2021.9,9.2
2376,3.87,,,1746.9,9.2
2377,3.7,,,2050.6,9.1
2378,3.67,,,1725.5,9.2
2379,3.93,,,1828.6,9.2
2380,3.82,,,2028.0,9.1
2381,3.52,,,2069.3,9.0
2382,3.71,,,1743.9,9.1
2383,3.78,,,1674.3,9.2
2384,3.61,,,1789.2,9.2
2385,3.74,,,1840.4,9.2
2386,3.87,,,1899.3,9.2
2387,3.71,,,1882.9,9.1
2388,3.77,,,2017.6,9.1
2389,3.57,,,1799.7,9.1
2390,3.73,,,1799.7,9.1
2391,3.66,,,1756.3,9.2
2392,3.85,,,2268.9,9.0
2393,3.73,,,1731.1,9.1
2394,3.57,,,1894.0,9.0
2395,3.9,,,1695.2,9.1
2396,3.61,,,1913.9,9.1
2397,3.71,,,1840.8,9.1
2398,3.48,,,1707.2,9.2
2399,3.64,,,2640.9,8.9
2400,3.86,,,2289.9,8.7
2401,3.89,,,1713.3,8.9
2402,3.95,,,1784.3,8.9
2403,3.56,,,1755.7,9.0
2404,3.73,,,1796.0,9.0
2405,3.73,,,2546.6,8.8
2406,3.78,,,1817.5,8.8
2407,3.67,,,1943.4,8.8
2408,3.72,,,1826.1,8.8
2409,3.93,,,1919.5,8.8
2410,3.64,,,1806.0,8.9
2411,3.75,,,1949.7,8.9
2412,3.68,,,1877.3,8.9
2413,3.68,,,1735.8,9.0
2414,3.6,,,1709.1,9.0
2415,3.8,,,1892.8,9.0
2416,3.76,,,2988.6,8.7
2417,3.84,,,1598.8,8.9
2418,3.63,,,1820.9,8.9
2419,3.63,,,1817.7,8.9
2420,3.83,,,1815.8,9.0
2421,3.67,,,1653.3,9.1
2422,3.66,,,2424.9,8.9
2423,3.88,,,1898.8,8.9
2424,3.75,,,2290.0,8.7
2425,3.33,,,1822.8,8.8
2426,3.9,,,1980.2,8.8
2427,3.65,,,1692.1,8.9
2428,3.72,,,1806.7,8.9
2429,3.75,,,2018.1,8.9
2430,3.72,,,1842.5,8.9
2431,3.77,,,1827.6,8.9
2432,3.75,,,1886.1,8.9
2433,3.71,,,1833.6,8.9
2434,3.73,,,1782.1,9.0
2435,3.62,,,2016.8,8.9
2436,3.82,,,1964.8,8.9
2437,3.7,,,1906.2,8.9
2438,3.56,,,2137.3,8.8
2439,3.48,,,2190.9,8.7
2440,3.88,,,2113.5,8.6
2441,3.72,,,2649.4,8.4
2442,3.79,,,1728.6,8.5
2443,3.71,,,1914.4,8.5
2444,3.82,,,1688.8,8.7
2445,3.65,,,1647.7,8.8
2446,3.82,,,1701.3,8.9
2447,3.8,,,1730.5,9.0
2448,3.85,,,2844.9,8.7
2449,3.89,,,1872.6,8.7
2450,3.6,,,1855.5,8.8
2451,3.77,,,2199.2,8.7
2452,3.62,,,1977.0,8.6
2453,3.57,,,1653.3,8.8
2454,3.69,,,1747.0,8.9
2455,3.56,,,1673.9,9.0
2456,3.71,,,1988.4,8.9
2457,3.73,,,1808.5,9.0
2458,3.74,,,1789.6,9.0
2459,3.73,,,1831.3,9.0
2460,3.83,,,1883.8,9.0
2461,3.72,,,1767.5,9.1
2462,3.63,,,1828.2,9.1
2463,3.74,,,1782.6,9.1
2464,3.82,,,2656.7,8.8
2465,3.7,,,1978.5,8.8
2466,3.82,,,1846.5,8.8
2467,3.7,,,1968.4,8.8
2468,3.73,,,1859.5,8.8
2469,3.94,,,1772.3,8.9
2470,3.94,,,1904.8,8.9
2471,3.74,,,2905.1,8.6
2472,3.79,,,2142.6,8.5
2473,3.46,,,2906.8,8.2
2474,3.66,,,1969.0,8.3
2475,3.77,,,1983.6,8.3
2476,4.0,,,1849.6,8.4
2477,3.84,,,1775.6,8.5
2478,3.73,,,1686.8,8.6
2479,3.71,,,1827.6,8.7
2480,3.74,,,1983.3,8.7
2481,3.83,,,2257.1,8.6
2482,3.78,,,1944.2,8.6
2483,3.61,,,3435.9,8.2
2484,3.73,,,2010.2,8.2
2485,3.8,,,1879.8,8.3
2486,3.74,,,1820.8,8.4
2487,3.52,,,1741.4,8.5
2488,3.74,,,1778.2,8.6
2489,3.77,,,1830.9,8.7
2490,3.67,,,2086.1,8.6
2491,3.55,,,1740.3,8.7
2492,3.59,,,2078.0,8.7
2493,3.44,,,1892.0,8.7
2494,3.73,,,2012.9,8.6
2495,3.6,,,1737.4,8.7
2496,3.75,,,2066.3,8.7
2497,3.76,,,1832.3,8.7
2498,3.73,,,1936.5,8.7
2499,3.66,,,1899.4,8.7
2500,3.77,,,2931.7,8.4
2501,3.71,,,2086.4,8.4
2502,3.86,,,1731.4,8.5
2503,3.68,,,2082.8,8.5
2504,3.65,,,1928.2,8.5
2505,3.76,,,1962.4,8.5
2506,3.74,,,1946.4,8.5
2507,3.64,,,1808.8,8.6
2508,3.66,,,1944.7,8.6
2509,3.74,,,1835.0,8.7
2510,3.74,,,1934.5,8.7
2511,3.63,,,1828.7,8.7
2512,3.73,,,1712.7,8.8
2513,3.91,,,2875.8,8.5
2514,3.76,,,1768.7,8.6
2515,3.78,,,1752.3,8.7
2516,3.81,,,1964.5,8.7
2517,3.74,,,2007.4,8.7
2518,3.81,,,1984.9,8.7
2519,3.75,,,2172.1,8.6
2520,3.75,,,2020.5,8.5
2521,3.77,,,1852.1,8.6
2522,3.67,,,1770.7,8.7
2523,3.76,,,1839.2,8.7
2524,3.77,,,2435.7,8.6
2525,3.7,,,2096.1,8.5
2526,3.66,,,1751.9,8.6
2527,3.55,,,1625.5,8.8
2528,3.48,,,1881.6,8.8
2529,3.47,,,2046.4,8.7
2530,3.51,,,1728.6,8.8
2531,3.65,,,1818.4,8.9
2532,3.65,,,2902.6,8.6
2533,3.7,,,1712.9,8.7
2534,3.74,,,1998.2,8.7
2535,3.77,,,1970.2,8.7
2536,3.78,,,1816.7,8.7
2537,3.86,,,2807.8,8.4
2538,3.76,,,1715.0,8.6
2539,3.6,,,3026.3,8.3
2540,3.83,,,1930.3,8.3
2541,3.63,,,1899.9,8.4
2542,3.57,,,1830.0,8.5
2543,3.64,,,1924.1,8.5
2544,3.83,,,1812.2,8.6
2545,3.64,,,1788.2,8.7
2546,3.72,,,1917.5,8.7
2547,3.63,,,1957.0,8.7
2548,3.94,,,1901.2,8.7
2549,3.9,,,1784.8,8.8
2550,3.52,,,2405.3,8.6
2551,3.77,,,2048.8,8.5
2552,3.76,,,1809.7,8.6
2553,3.6,,,2063.2,8.6
2554,3.37,,,1863.3,8.6
2555,3.6,,,2249.7,8.5
2556,3.59,,,1844.9,8.6
2557,3.83,,,1828.6,8.6
2558,3.72,,,2413.8,8.5
2559,3.78,,,1866.1,8.5
2560,3.81,,,1797.2,8.6
2561,3.37,,,1623.3,8.8
2562,3.64,,,2582.3,8.6
2563,3.67,,,1896.7,8.6
2564,3.62,,,1761.7,8.7
2565,3.77,,,1970.4,8.7
2566,3.74,,,2456.6,8.5
2567,3.69,,,2004.7,8.5
2568,3.8,,,1894.4,8.5
2569,3.62,,,1750.4,8.6
2570,3.61,,,1864.0,8.7
2571,3.57,,,1748.9,8.8
2572,3.74,,,2033.0,8.7
2573,3.63,,,2452.7,8.5
2574,3.75,,,1788.1,8.6
2575,3.73,,,1740.4,8.7
2576,3.77,,,1688.8,8.8
2577,3.77,,,1796.1,8.9
2578,3.7,,,2035.5,8.8
2579,3.77,,,1779.9,8.9
2580,3.61,,,1939.7,8.9
2581,3.76,,,1854.4,8.9
2582,3.76,,,1871.5,8.9
2583,3.65,,,2037.2,8.8
2584,3.7,,,2320.3,8.7
2585,3.96,,,1723.6,8.8
2586,3.58,,,1850.8,8.8
2587,3.99,,,1755.7,8.9
2588,3.82,,,2288.3,8.7
2589,3.63,,,1782.0,8.8
2590,3.76,,,2018.5,8.8
2591,3.48,,,1896.0,8.8
2592,3.55,,,1979.6,8.8
2593,3.65,,,1916.8,8.8
2594,3.57,,,1856.1,8.8
2595,3.94,,,1947.7,8.8
2596,3.63,,,1842.3,8.8
2597,3.67,,,1942.1,8.8
2598,3.58,,,1860.5,8.8
2599,3.75,,,1813.3,8.9
2600,3.58,,,2080.8,8.8
2601,4.01,,,1981.2,8.8
2602,3.82,,,1680.7,8.9
2603,3.72,,,2090.8,8.8
2604,3.71,,,2369.1,8.6
2605,3.47,,,2883.1,8.4
2606,3.63,,,1846.7,8.4
2607,3.63,,,1905.3,8.5
2608,3.8,,,1926.9,8.5
2609,3.62,,,2116.9,8.4
2610,3.63,,,3040.6,8.2
2611,3.71,,,1942.0,8.2
2612,3.7,,,1808.5,8.3
2613,3.83,,,1876.4,8.4
2614,3.87,,,1962.1,8.4
2615,3.48,,,2036.0,8.4
2616,3.77,,,2129.9,8.3
2617,3.75,,,2082.5,8.3
2618,3.75,,,1799.2,8.4
2619,3.58,,,1885.9,8.5
2620,3.49,,,1942.7,8.5
2621,3.96,,,1880.9,8.5
2622,3.74,,,1885.1,8.6
2623,3.76,,,1957.8,8.6
2624,3.83,,,1860.9,8.6
2625,3.75,,,1909.5,8.6
2626,3.77,,,1865.4,8.7
2627,3.89,,,1860.4,8.7
2628,3.75,,,3486.8,8.3
2629,3.66,,,1988.7,8.3
2630,3.7,,,1837.9,8.4
2631,3.89,,,1793.9,8.5
2632,3.89,,,2010.8,8.5
2633,3.87,,,2004.3,8.5
2634,3.73,,,2086.6,8.5
2635,3.76,,,1872.5,8.5
2636,3.85,,,2017.7,8.5
2637,3.68,,,1904.2,8.5
2638,3.61,,,2167.0,8.4
2639,3.65,,,1821.9,8.5
2640,3.66,,,2042.3,8.5
2641,3.84,,,1939.2,8.5
2642,3.69,,,2433.2,8.4
2643,3.57,,,1866.8,8.4
2644,3.61,,,1992.4,8.4
2645,3.83,,,2169.5,8.4
2646,3.67,,,1892.1,8.4
2647,3.77,,,2558.0,8.2
2648,3.71,,,1972.5,8.3
2649,3.63,,,1940.4,8.3
2650,3.64,,,2075.4,8.3
2651,3.7,,,1927.4,8.3
2652,3.59,,,2095.0,8.3
2653,3.78,,,2385.3,8.2
2654,3.77,,,1777.3,8.3
2655,3.9,,,1942.4,8.3
2656,3.5,,,2077.5,8.3
2657,3.78,,,1953.2,8.3
2658,3.79,,,1951.5,8.4
2659,3.68,,,1751.8,8.5
2660,3.85,,,1729.9,8.6
2661,3.65,,,2379.0,8.5
2662,3.73,,,1699.8,8.6
2663,3.64,,,1862.1,8.7
2664,3.77,,,2304.5,8.5
2665,3.59,,,1969.7,8.5
2666,3.55,,,2869.6,8.3
2667,3.75,,,1862.6,8.3
2668,3.75,,,1884.1,8.4
2669,3.78,,,1837.7,8.5
2670,3.82,,,1684.1,8.6
2671,3.66,,,1961.4,8.6
2672,3.64,,,1879.9,8.7
2673,3.84,,,1872.8,8.7
2674,3.63,,,2143.4,8.6
2675,3.77,,,2161.4,8.5
2676,3.68,,,2011.1,8.5
2677,3.7,,,1806.0,8.6
2678,3.58,,,2859.2,8.3
2679,3.56,,,1744.3,8.5
2680,3.58,,,1811.2,8.5
2681,3.67,,,1960.9,8.5
2682,3.84,,,2016.8,8.5
2683,3.55,,,1946.0,8.5
2684,3.65,,,1899.7,8.6
2685,3.7,,,2417.7,8.4
2686,3.64,,,2041.2,8.4
2687,3.86,,,1830.0,8.5
2688,3.74,,,1994.7,8.5
2689,3.73,,,1836.0,8.5
2690,3.67,,,1754.1,8.6
2691,3.67,,,2938.7,8.4
2692,3.6,,,1823.2,8.4
2693,3.7,,,2398.8,8.3
2694,3.69,,,1840.7,8.4
2695,3.61,,,1958.5,8.4
2696,3.69,,,1901.3,8.4
2697,3.76,,,1943.1,8.5
2698,3.88,,,1783.4,8.6
2699,3.87,,,2018.2,8.5
2700,3.59,,,1901.7,8.6
2701,3.73,,,1883.7,8.6
2702,3.72,,,2035.5,8.6
2703,3.68,,,1824.4,8.6
2704,3.78,,,2280.5,8.5
2705,3.52,,,1884.9,8.6
2706,3.69,,,1906.1,8.6
2707,3.62,,,2073.3,8.5
2708,3.77,,,1877.0,8.6
2709,3.75,,,1922.1,8.6
2710,3.72,,,1762.2,8.7
2711,3.71,,,2017.5,8.7
2712,3.51,,,1899.0,8.7
2713,3.67,,,2902.8,8.4
2714,3.86,,,1831.4,8.5
2715,3.62,,,1690.6,8.6
2716,3.8,,,1877.5,8.7
2717,3.74,,,1972.1,8.6
2718,3.78,,,1785.2,8.7
2719,3.6,,,2152.1,8.6
2720,3.86,,,1897.3,8.7
2721,3.71,,,2315.4,8.5
2722,3.81,,,1854.4,8.6
2723,3.72,,,1924.8,8.6
2724,3.62,,,2250.6,8.5
2725,3.69,,,1854.0,8.5
2726,3.81,,,2044.0,8.5
2727,3.82,,,1853.2,8.6
2728,3.67,,,2126.3,8.5
2729,3.73,,,1956.6,8.5
2730,3.71,,,1825.7,8.6
2731,3.92,,,1808.9,8.7
2732,3.73,,,1974.2,8.6
2733,3.63,,,1808.9,8.7
2734,3.63,,,1955.0,8.7
2735,3.91,,,1857.1,8.7
2736,3.87,,,1881.1,8.8
2737,3.77,,,2094.5,8.7
2738,3.84,,,1941.1,8.7
2739,3.89,,,1807.3,8.7
2740,3.66,,,2935.4,8.4
2741,3.53,,,1935.9,8.5
2742,3.74,,,2538.9,8.3
2743,3.67,,,1951.8,8.3
2744,3.56,,,1864.7,8.4
2745,3.72,,,1934.2,8.4
2746,3.67,,,1926.1,8.5
2747,3.7,,,1983.3,8.5
2748,3.57,,,1929.4,8.5
2749,3.96,,,2567.3,8.3
2750,3.53,,,1799.2,8.4
2751,3.63,,,1863.0,8.5
2752,3.66,,,1715.3,8.6
2753,3.79,,,1836.3,8.7
2754,3.53,,,2149.4,8.6
2755,3.49,,,2169.8,8.5
2756,3.76,,,2210.6,8.4
2757,3.65,,,3173.9,8.1
2758,3.79,,,2182.2,8.1
2759,3.59,,,1998.5,8.1
2760,3.65,,,1894.8,8.2
2761,3.6,,,1748.9,8.3
2762,3.76,,,1905.9,8.4
2763,3.68,,,1881.0,8.4
2764,3.85,,,2172.3,8.4
2765,3.65,,,1776.0,8.5
2766,3.79,,,1784.1,8.6
2767,3.74,,,1877.7,8.6
2768,3.79,,,1873.9,8.6
2769,3.73,,,1779.1,8.7
2770,3.45,,,1938.9,8.7
2771,3.48,,,1901.6,8.7
2772,3.43,,,1737.6,8.8
2773,3.66,,,1952.8,8.8
2774,3.82,,,1875.4,8.8
2775,3.72,,,2716.9,8.6
2776,3.64,,,1972.8,8.6
2777,3.85,,,1815.8,8.6
2778,3.68,,,1693.3,8.8
2779,3.54,,,1634.7,8.9
2780,3.83,,,1779.5,9.0
2781,3.6,,,1992.7,8.9
2782,3.85,,,2002.7,8.9
2783,3.41,,,1836.2,8.9
2784,3.93,,,1791.2,8.9
2785,3.83,,,1881.8,8.9
2786,3.74,,,1849.7,9.0
2787,3.85,,,2043.3,8.9
2788,3.54,,,2156.5,8.8
2789,3.62,,,1763.2,8.9
2790,3.71,,,1898.6,8.9
2791,3.67,,,1781.9,8.9
2792,3.63,,,1898.7,8.9
2793,3.7,,,1943.1,8.9
2794,3.68,,,1885.3,8.9
2795,3.64,,,1912.1,8.9
2796,3.74,,,1827.7,8.9
2797,3.69,,,2033.8,8.9
2798,3.67,,,1915.6,8.8
2799,3.53,,,2010.6,8.8
2800,3.81,,,2085.2,8.7
2801,3.86,,,1861.9,8.8
2802,3.53,,,2020.9,8.7
2803,3.83,,,1904.9,8.7
2804,3.45,,,2305.1,8.6
2805,3.62,,,2607.1,8.4
2806,3.71,,,1640.3,8.6
2807,3.92,,,2209.1,8.5
2808,3.71,,,1596.7,8.7
2809,3.69,,,1855.2,8.7
2810,3.67,,,1957.4,8.7
2811,3.57,,,1801.1,8.8
2812,3.67,,,1973.5,8.7
2813,3.92,,,1947.1,8.7
2814,3.66,,,1905.8,8.7
2815,3.7,,,1987.0,8.7
2816,3.59,,,1882.7,8.7
2817,3.21,,,1818.5,8.8
2818,3.63,,,1720.2,8.9
2819,3.62,,,2058.2,8.8
2820,3.72,,,2136.3,8.7
2821,3.72,,,2121.7,8.6
2822,3.83,,,1925.1,8.7
2823,3.71,,,1859.6,8.7
2824,3.68,,,1678.4,8.8
2825,3.78,,,2170.0,8.7
2826,3.73,,,2027.0,8.7
2827,3.61,,,1908.5,8.7
2828,3.75,,,1722.5,8.8
2829,3.44,,,1907.5,8.8
2830,3.68,,,1970.5,8.8
2831,3.65,,,1903.7,8.8
2832,3.62,,,2254.4,8.7
2833,3.68,,,2074.3,8.6
2834,3.72,,,1951.2,8.6
2835,3.74,,,2856.5,8.3
2836,3.59,,,2013.4,8.3
2837,3.62,,,2068.7,8.3
2838,3.61,,,1802.2,8.4
2839,3.36,,,1771.2,8.5
2840,3.83,,,1844.6,8.6
2841,3.43,,,1814.5,8.7
2842,3.48,,,1881.6,8.7
2843,3.66,,,1920.2,8.7
2844,3.64,,,3068.6,8.4
2845,3.74,,,2877.7,8.1
2846,3.29,,,1946.9,8.2
2847,3.73,,,1822.9,8.3
2848,3.88,,,1786.9,8.4
2849,3.71,,,1780.9,8.5
2850,3.6,,,2043.9,8.5
2851,3.82,,,1669.5,8.6
2852,3.84,,,1838.3,8.7
2853,3.8,,,1854.3,8.7
2854,3.8,,,2863.2,8.4
2855,3.59,,,1868.3,8.5
2856,3.75,,,1859.1,8.6
2857,3.8,,,2058.1,8.5
2858,3.59,,,1957.8,8.5
2859,3.72,,,1933.2,8.5
2860,3.63,,,1977.7,8.5
2861,3.71,,,2880.9,8.3
2862,3.69,,,1753.4,8.4
2863,3.68,,,1878.0,8.5
2864,3.83,,,1799.0,8.5
2865,3.66,,,1934.7,8.6
2866,3.69,,,1822.0,8.6
2867,3.58,,,2721.5,8.4
2868,3.63,,,2132.1,8.3
2869,3.74,,,1937.1,8.4
2870,3.83,,,1826.2,8.5
2871,3.88,,,1864.4,8.5
2872,3.7,,,1954.6,8.5
2873,3.62,,,1928.3,8.5
2874,3.76,,,1966.7,8.5
2875,3.78,,,1838.1,8.6
2876,3.72,,,1794.1,8.7
2877,3.74,,,1876.3,8.7
2878,3.71,,,2012.6,8.7
2879,3.59,,,1843.1,8.7
2880,3.59,,,2037.9,8.7
2881,3.71,,,1673.2,8.8
2882,3.66,,,1972.1,8.8
2883,3.7,,,1681.8,8.9
2884,3.59,,,2109.6,8.8
2885,3.57,,,1848.5,8.8
2886,3.67,,,1837.6,8.9
2887,3.75,,,1848.3,8.9
2888,3.79,,,1809.2,8.9
2889,3.73,,,1965.9,8.9
2890,3.6,,,1786.1,9.0
2891,3.86,,,2958.5,8.6
2892,3.46,,,1866.3,8.7
2893,3.7,,,1975.0,8.7
2894,3.75,,,2013.2,8.6
2895,3.68,,,1770.4,8.7
2896,3.6,,,1989.6,8.7
2897,3.5,,,1916.9,8.7
2898,3.53,,,1748.9,8.8
2899,3.68,,,1985.8,8.8
2900,3.49,,,1755.2,8.8
2901,3.73,,,1949.9,8.8
2902,3.61,,,1846.8,8.8
2903,3.56,,,1783.9,8.9
2904,3.63,,,2043.4,8.8
2905,3.79,,,1833.7,8.9
2906,3.66,,,1846.3,8.9
2907,3.59,,,1881.3,8.9
2908,3.67,,,1907.1,8.9
2909,3.66,,,1754.9,9.0
2910,3.71,,,1978.0,8.9
2911,3.72,,,1796.4,9.0
2912,3.65,,,1785.8,9.0
2913,3.56,,,1862.3,9.0
2914,3.58,,,2078.7,8.9
2915,3.68,,,1987.8,8.9
2916,3.69,,,1918.0,8.9
2917,3.82,,,1871.2,8.9
2918,3.46,,,1821.8,8.9
2919,3.7,,,1894.9,8.9
2920,3.51,,,1794.6,9.0
2921,3.65,,,1914.2,8.9
2922,3.65,,,2168.0,8.8
2923,3.63,,,1942.9,8.8
2924,3.77,,,1666.7,8.9
2925,3.77,,,2395.3,8.7
2926,3.45,,,1924.2,8.7
2927,3.47,,,2500.7,8.5
2928,3.4,,,1988.2,8.5
2929,3.65,,,1954.6,8.5
2930,3.55,,,15796.7,7.8
2931,3.66,,,1944.5,7.9
2932,3.62,,,2155.8,7.9
2933,3.83,,,1766.4,8.0
2934,3.83,,,1798.1,8.2
2935,3.31,,,1760.6,8.3
2936,3.79,,,1856.1,8.4
2937,3.84,,,1808.7,8.5
2938,3.78,,,2816.0,8.2
2939,3.76,,,1824.8,8.3
2940,3.69,,,1956.8,8.4
2941,3.67,,,1933.9,8.4
2942,3.65,,,1602.8,8.6
2943,3.72,,,1971.3,8.6
2944,3.75,,,1919.3,8.6
2945,3.6,,,1945.5,8.6
2946,3.77,,,1752.1,8.7
2947,3.68,,,2053.9,8.7
2948,3.85,,,1700.9,8.8
2949,3.65,,,2131.3,8.7
2950,3.76,,,1927.2,8.7
2951,3.67,,,1684.2,8.8
2952,3.64,,,1791.3,8.9
2953,3.83,,,1750.2,9.0
2954,3.59,,,1839.0,9.0
2955,3.69,,,1779.7,9.0
2956,3.45,,,1793.2,9.1
2957,3.68,,,1766.3,9.1
2958,3.66,,,1684.4,9.2
2959,3.75,,,1736.5,9.2
2960,3.72,,,1734.4,9.3
2961,3.88,,,1764.3,9.3
2962,3.9,,,1799.0,9.3
2963,3.65,,,1842.0,9.3
2964,3.55,,,2916.5,9.0
2965,3.74,,,1758.2,9.0
2966,3.49,,,1780.9,9.1
2967,3.79,,,1743.6,9.1
2968,3.56,,,1872.3,9.1
2969,3.78,,,1818.6,9.1
2970,3.82,,,1798.0,9.1
2971,3.67,,,1921.6,9.1
2972,3.73,,,1905.1,9.1
2973,3.72,,,1827.4,9.1
2974,3.71,,,1797.9,9.1
2975,3.68,,,1819.2,9.1
2976,4.0,,,2716.2,8.8
2977,3.7,,,2333.4,8.7
2978,3.79,,,1824.2,8.7
2979,3.67,,,2287.8,8.6
2980,3.76,,,1773.2,8.7
2981,3.75,,,1826.5,8.7
2982,3.74,,,1874.0,8.8
2983,3.47,,,1815.0,8.8
2984,3.79,,,1782.1,8.9
2985,3.94,,,2483.8,8.7
2986,3.58,,,1894.3,8.7
2987,3.78,,,1895.4,8.7
2988,3.8,,,1913.5,8.7
2989,3.91,,,1963.9,8.7
2990,3.58,,,1727.0,8.8
2991,3.8,,,1824.3,8.8
2992,3.74,,,1816.2,8.9
2993,3.62,,,2276.6,8.7
2994,3.61,,,1897.0,8.8
2995,3.64,,,1836.1,8.8
2996,3.68,,,1931.6,8.8
2997,3.84,,,1798.4,8.8
2998,3.74,,,2061.0,8.8
2999,3.45,3.68,39.59,70371.5,7.9
